Record_num;Frame_signature;Status;Unix_Timestamp;X;Y;Z;Pitch;Yaw;Roll
0;10621;0;1778663142.0570073;1.1499149359997787;1.9277585089035698;-0.5342789595070204;10.842006413016733;4.892140898244369;2.7198077601579667
0;10625;0;1778663142.0883813;1.1493259316536195;1.9292923045349026;-0.5269965503792517;10.84235445087896;4.891971908762131;2.7197931747562256
0;10627;0;1778663142.1058893;1.1492329799873535;1.9296426894732728;-0.5256676116516787;10.84249661663386;4.890164995429236;2.71912392275911
0;10630;0;1778663142.1354387;1.1490453070339204;1.9302920472059453;-0.5230378152860912;10.842839960343802;4.887230814954907;2.7178846665560337
0;10634;0;1778663142.1662772;1.1489078354313065;1.9307702174009451;-0.5218588286453804;10.843753308259705;4.887130561273977;2.717848957469013
0;10638;0;1778663142.197405;1.1485761712193088;1.9321326392187212;-0.5173250598973831;10.845509591807247;4.8856056323747366;2.7162655193145144
0;10641;0;1778663142.2278514;1.14866716698879;1.932273650063137;-0.5172599099068489;10.845744970014648;4.882291225565373;2.7126047511258813
0;10645;0;1778663142.2597253;1.149441329563944;1.931669184818581;-0.5205610445594566;10.846017230847142;4.8781603715551185;2.701565446139386
0;10648;0;1778663142.2821221;1.1502820857677356;1.9311336416512164;-0.5231561004726221;10.846072890081372;4.876683725365089;2.6927508340390953
0;10651;0;1778663142.3032951;1.1502368207278506;1.9312111324190855;-0.5231768702337216;10.846728730214819;4.876831255865455;2.6927976079136435
0;10653;0;1778663142.3207233;1.1500855647097983;1.931305015464773;-0.5231930762356559;10.847560265762338;4.877391536470255;2.69297313567942
0;10655;0;1778663142.3389199;1.1501130404027327;1.931358849195336;-0.523152887213618;10.847962621672428;4.877380136386136;2.692429787552503
0;10657;0;1778663142.3594136;1.1501141580580383;1.9313815748532206;-0.5231682084051017;10.848127587595565;4.877376112827035;2.6924036344183473
0;10660;0;1778663142.381212;1.1499958728715074;1.9317656757266488;-0.5216401873261822;10.848578226214865;4.877238305927829;2.6921345589034744
0;10662;0;1778663142.3992712;1.1478105773348326;1.9376808664326208;-0.4929741914911322;10.851359176146767;4.877236294148279;2.692138079517688
0;10664;0;1778663142.4170349;1.1477740672615095;1.9377851809278293;-0.4931031875410105;10.852391219056148;4.877264459061985;2.692164065003548
0;10666;0;1778663142.4345002;1.1476340809344576;1.9379435154294848;-0.49319287937930134;10.853586886702299;4.877309388805278;2.692227603707683
0;10668;0;1778663142.4518802;1.1476352917277055;1.9380206336455854;-0.493336358379184;10.854240715056195;4.877322130075765;2.6922115094712793
0;10672;0;1778663142.4776955;1.147838798131304;1.9379964177806261;-0.49380134955536986;10.85439562208158;4.8755018048792005;2.6892288786394434
0;10675;0;1778663142.5091023;1.1488618252878842;1.9371708430614052;-0.49839961632830626;10.854425128181651;4.870087435515759;2.684907073220192
0;10679;0;1778663142.5401874;1.148542827836019;1.9382562726392258;-0.4940198977366258;10.854591435291155;4.8696404851589685;2.6848847759968413
0;10683;0;1778663142.571638;1.147821474474064;1.9402835130880716;-0.4843469636166539;10.854803342737135;4.867754441830423;2.683801935653812
0;10687;0;1778663142.6037734;1.1539139998218904;1.935282750698132;-0.5085779634913573;10.854775848416613;4.769113202209416;2.6657584525141345
0;10690;0;1778663142.6358268;1.1547653737510872;1.9351851421347586;-0.508896076132772;10.854738295198338;4.76812608904333;2.6629800173066687
0;10694;0;1778663142.6669176;1.1558001362883783;1.9346976581455435;-0.511882218265027;10.854780542568898;4.767547367125984;2.6583178858468
0;10698;0;1778663142.6977932;1.1571759699698239;1.9348641887861082;-0.5118699706256342;10.85485028425998;4.76602746767562;2.6533974083629945
0;10700;0;1778663142.7153203;1.1572869903968672;1.934905542032423;-0.5116989693638461;10.854861013750915;4.765916819800346;2.6528121481621096
0;10704;0;1778663142.7457564;1.1698170240302448;1.9029638847719434;-0.6744867685855049;10.8548616843441;4.765289479877198;2.6505819228821417
0;10708;0;1778663142.778001;1.1637951903805106;1.9175321491313406;-0.600362751049225;10.855068897637794;4.768248472299316;2.6510627381946987
0;10711;0;1778663142.8090386;1.1624195429749493;1.9211783132906441;-0.5818126999559853;10.855874950644342;4.768225336834486;2.6509997024354512
0;10715;0;1778663142.839583;1.1613366281215665;1.9228866494255668;-0.5733552625500471;10.859553824848929;4.768937506795344;2.651312869452138
0;10719;0;1778663142.8706872;1.151871950440243;1.9478075686067495;-0.44681819405142714;10.864593332622803;4.7685341449954795;2.6507790772780853
0;10723;0;1778663142.9031901;1.1567665355761307;1.9387215897982095;-0.4926911452849372;10.864628203468344;4.754383958230807;2.6382290934974995
0;10726;0;1778663142.933201;1.1569638948755474;1.9389896407957181;-0.4921162047680427;10.865294102499542;4.753043777753617;2.635516544070311
0;10730;0;1778663142.9640656;1.1577180327931391;1.939421242019643;-0.4920766211426288;10.86739641212976;4.749652588024744;2.6286287138344626
0;10734;0;1778663142.9936566;1.1586092697615764;1.9394346538833127;-0.49237759640268786;10.867572107543833;4.743266193841844;2.6238532521265854
0;10737;0;1778663143.0247188;1.1592483823206123;1.939196407027292;-0.49370001547431025;10.867849733121794;4.740843005373329;2.6202219900380253
0;10741;0;1778663143.0555315;1.1593337898135645;1.9394948209939418;-0.49334511334574616;10.869767629626557;4.740272330574185;2.619183576493402
0;10745;0;1778663143.0862548;1.1581718939852381;1.942985072238086;-0.4768763692767703;10.873144066305393;4.739985316691655;2.6188390592453876
0;10748;0;1778663143.1176357;1.1580815501813522;1.9430748572143188;-0.4766025437268481;10.873900495416361;4.740014487495136;2.6188881801960777
0;10752;0;1778663143.148798;1.1578297983237198;1.9437719015733725;-0.47347092012895414;10.876263665794955;4.739955139998398;2.6188834860437935
0;10756;0;1778663143.1799464;1.1577324691741724;1.9440380898120384;-0.4723452549601244;10.877038871515062;4.7398746688163795;2.6188585064477086
0;10760;0;1778663143.2103262;1.1575966740545172;1.9441435219625527;-0.47223372227439936;10.877944172312763;4.739863939325444;2.6189173509995594
0;10763;0;1778663143.242281;1.1581415310160972;1.9442573365278604;-0.47198443857223377;10.878360610679705;4.720569296953683;2.6168485710285148
0;10767;0;1778663143.2738547;1.1600579373137838;1.9422587825651971;-0.48173765759833936;10.87619727706979;4.696478907430244;2.613286882982741
0;10771;0;1778663143.304656;1.1513274660304318;1.9674447723297395;-0.3596606624509901;10.877848948080707;4.685171365170356;2.612445623834062
0;10775;0;1778663143.3359962;1.1527224861279604;1.9684903388683201;-0.3605044456379016;10.880291248454954;4.640168527220003;2.603528075680107
0;10778;0;1778663143.36661;1.1538950928196339;1.9653538255284633;-0.3766629472215745;10.87860805956441;4.638190277328729;2.603510975553928
0;10782;0;1778663143.3986094;1.1550831604097045;1.9625969424408112;-0.3929153085664494;10.877178354897225;4.636493341277925;2.6035217050448636
0;10786;0;1778663143.4298382;1.15533807895737;1.9616948083331427;-0.3982282693384768;10.871932975016023;4.635844542372905;2.6043136755945566
0;10790;0;1778663143.4604337;1.1548901785935688;1.9617592597891107;-0.3982726495679115;10.787675623884134;4.629686820465574;2.607697991743299
0;10793;0;1778663143.4918466;1.1618371514226828;1.9421889291085843;-0.4957321922340899;10.553201376092977;4.601725767087071;2.60881972649097
0;10797;0;1778663143.522832;1.1618512152519476;1.9361802279086935;-0.5003938393766595;10.551930602010277;4.583958735987284;2.6102470840820136
0;10801;0;1778663143.5542421;1.1653780697073566;1.9246551526711186;-0.5514536891774964;10.551740824139351;4.554125386440498;2.610791102802114
0;10805;0;1778663143.5854826;1.1654126238838947;1.9200938150922449;-0.5558190645260855;10.551374009667986;4.545595105850005;2.6118531547564547
0;10808;0;1778663143.6163175;1.1659672603294;1.9166065442622497;-0.5655738668972077;10.551185572983428;4.539852816419841;2.612946389293828
0;10810;0;1778663143.6338098;1.166408641037251;1.9146078040237022;-0.5723676278114842;10.551072242735419;4.525244949807441;2.6130282016622126
0;10814;0;1778663143.6633618;1.168463450316973;1.9035992718132937;-0.6068693211188808;10.534535414830732;4.508265865698246;2.6156914624904153
0;10818;0;1778663143.6945336;1.16953788961762;1.8946723726099464;-0.6273772714630352;10.51269888899698;4.4978673124985695;2.6198337165847887
0;10821;0;1778663143.7258263;1.170527480252968;1.890517489010617;-0.6450793015929956;10.510473860814182;4.493288502241748;2.623163714685669
0;10825;0;1778663143.7563083;1.1697214645015985;1.8879604799468197;-0.6520420613033041;10.503816211688564;4.4733651787604725;2.6346301875300426
0;10827;0;1778663143.7736034;1.1696984594298874;1.887367377531206;-0.6522125037374393;10.498784751032892;4.459018508193039;2.6347262500035766
0;10831;0;1778663143.8029888;1.1697989552694676;1.8851868320295808;-0.6560037768106135;10.489971815415561;4.447484305437134;2.635393825517734
0;10834;0;1778663143.8339617;1.1694975608886689;1.884524807536776;-0.6574178436173119;10.489325363586683;4.44720634456258;2.6381248162574678
0;10838;0;1778663143.8648505;1.169937917079156;1.8801139808724172;-0.6667314515564676;10.482412889051341;4.441231024001156;2.6389449517208674
0;10842;0;1778663143.8973835;1.169166362366382;1.8780474362119843;-0.669407537479304;10.475988606353575;4.437985017696507;2.6459476210393875
0;10846;0;1778663143.925568;1.1682033160445469;1.8782797222397074;-0.6645874626971365;10.4742296404333;4.430510586073407;2.6501581079901806
0;10848;0;1778663143.9428086;1.1679241816319221;1.8786692251137802;-0.6609564800224033;10.47334579861747;4.421999752685234;2.6502152760590723
0;10850;0;1778663143.9613492;1.1668369824332006;1.8811204294752946;-0.6466049010854191;10.472356003078648;4.41875274049081;2.6503059737871384
0;10853;0;1778663143.989789;1.1666371084093459;1.8809492419376221;-0.6455847612050458;10.470793520961132;4.412715725356505;2.6508686014680802
0;10857;0;1778663144.0209956;1.1657238908865613;1.8820262891006492;-0.6367244090613651;10.467368130979903;4.398116241158899;2.6512627426116726
0;10861;0;1778663144.0530457;1.1655180560344087;1.8816399529166095;-0.6361930571013971;10.440944077177944;4.391664128844019;2.6527682243085917
0;10864;0;1778663144.084342;1.1657601215460576;1.8805202485760772;-0.6399783693462736;10.41606507007073;4.352585981669738;2.652952805082345
0;10868;0;1778663144.1155245;1.1657574205457353;1.8775174813211484;-0.6419525677370646;10.386066754600806;4.340595775549064;2.6537042047444377
0;10870;0;1778663144.132871;1.1762841501813999;1.844134234992065;-0.8011835686549128;10.361178359189022;4.33485147433935;2.654186696539954
0;10874;0;1778663144.1622515;1.176167168926059;1.835102089914088;-0.8091178968087633;10.30737063273954;4.3226014133600765;2.655988915720564
0;10878;0;1778663144.1946626;1.1759116915507404;1.8334390188190504;-0.8072407947226641;10.302226512429042;4.306073638463365;2.657444102928722
0;10882;0;1778663144.2260332;1.175836436093483;1.8332454781752616;-0.8070341216290324;10.302140005908372;4.301643029300093;2.6587230917779197
0;10885;0;1778663144.2578988;1.174747094722092;1.835690535432594;-0.7920027754212636;10.300372322276711;4.292624556872024;2.659648175074534
0;10889;0;1778663144.2881455;1.1746884178185373;1.834857137126232;-0.7918780637167243;10.294768175042346;4.281808224119037;2.6603009975386547
0;10893;0;1778663144.3195138;1.161591360393348;1.8696881196281014;-0.603814536323261;10.29613618513665;4.281099071827504;2.670964099749216
0;10897;0;1778663144.3509333;1.1603397727267308;1.8717462818737411;-0.5924559917262511;10.300594959213628;4.277406450462656;2.676483249297576
0;10900;0;1778663144.3817773;1.1590786849900143;1.871780184084684;-0.5925669190153522;10.30072036013894;4.27673921024509;2.6796660521946816
0;10902;0;1778663144.3990211;1.1584546607776067;1.8718416551265031;-0.592382179907097;10.30075321920493;4.275647819838972;2.6826771832368155
0;10906;0;1778663144.4288006;1.1582738800318928;1.8718746259580243;-0.5923062259152733;10.300922208687167;4.228343170786314;2.6854381830215104
0;10910;0;1778663144.459879;1.158427557636441;1.871850223817181;-0.5919278995942584;10.298443696281016;4.192251845651265;2.6850760627024295
0;10913;0;1778663144.490424;1.1599521326115008;1.8715020741894228;-0.5918948821937661;10.287381591126282;4.155654222662688;2.682374578062769
0;10915;0;1778663144.5078697;1.1587515845371823;1.8771244392052737;-0.5614048728996426;10.287363485110328;4.1485740998314755;2.6808389196725932
0;10919;0;1778663144.5378222;1.1617737244840785;1.879133983445111;-0.5496116069576457;10.287142859952962;4.111215688876237;2.6756319312511443
0;10923;0;1778663144.5691547;1.161997628097008;1.8801884912261375;-0.5437800075547538;10.279119883105773;4.104302879044303;2.6738555299080984
0;10927;0;1778663144.600422;1.1622479828855081;1.8810638016064671;-0.538912665266945;10.275367243651003;4.094738543764878;2.67216731156868
0;10930;0;1778663144.6317132;1.1652258823098829;1.8812675874238922;-0.5369144372870792;10.275211666032435;4.0568332640685085;2.66643625457434
0;10934;0;1778663144.6628587;1.1655507474521036;1.881397607991134;-0.5360703746863412;10.27114250659506;4.055259046570282;2.66477083640316
0;10938;0;1778663144.6936865;1.1674970510292204;1.8813910883351836;-0.5351371790749653;10.26172737829896;4.04434346602614;2.6609657230317825
0;10942;0;1778663144.725134;1.1791410634189214;1.846856098213468;-0.7113661804180591;10.054043328187946;4.020434471958834;2.6604840694777456
0;10945;0;1778663144.7560964;1.1802625373803544;1.841286076721106;-0.7115886403928853;10.052407751413432;3.9884776890965483;2.658243114706842
0;10949;0;1778663144.7865326;1.1859630451296694;1.836886985437458;-0.7104566884129604;10.040060119125961;3.9517228120064436;2.6278055607017374
0;10952;0;1778663144.816596;1.1869025275521405;1.83892316712875;-0.6935570882235969;10.036543528471777;3.9434725040700536;2.6197262540271358
0;10956;0;1778663144.8475718;1.1891140879885018;1.8368387399834243;-0.6936733709443716;10.027542156169886;3.9371149453940437;2.610819435364116
0;10960;0;1778663144.8792458;1.1937348475744676;1.8340794353092764;-0.6937934723207746;10.02152224116176;3.9216892903943874;2.606113715347321
0;10962;0;1778663144.8967917;1.193735778953889;1.833933022464216;-0.693631505439375;10.021497429213971;3.921609489805553;2.6061296419354285
0;10966;0;1778663144.9269216;1.1939003536976687;1.8328427497134032;-0.694078567561697;10.021549735482283;3.921193722031794;2.6061145535888004
0;10969;0;1778663144.957106;1.1936247585268458;1.8343074369916605;-0.6852573333537193;10.026156040059627;3.9140307809424213;2.6054516722269274
0;10973;0;1778663144.988163;1.1945282897036467;1.8377248543650428;-0.6655392393279714;10.051417285281428;3.8769778251822586;2.592328666571055
0;10977;0;1778663145.019382;1.1945083581840266;1.8386919987563328;-0.6600498287245401;10.073209551965071;3.8717207099203446;2.5910206745666717
0;10981;0;1778663145.0502565;1.1939183293205038;1.8405467477363158;-0.6499758426256685;10.114447009190167;3.8717726808920645;2.59092695916928
0;10984;0;1778663145.081297;1.190396224900144;1.8407965436971632;-0.6498648687675964;10.11713541726275;3.9085647759038524;2.5976929090940306
0;10988;0;1778663145.112231;1.1888072916070584;1.8408976915023385;-0.6498513171970135;10.117451937245354;3.9164532988177534;2.6047426875836903
0;10992;0;1778663145.1434832;1.1878561669418186;1.8440500382923612;-0.6338284244571116;10.135890567418398;3.91648347551101;2.6048437795061004
0;10996;0;1778663145.1754553;1.1878399609398844;1.8438930077218953;-0.6347032691477303;10.138503198461247;3.917484000540766;2.605211767515536
0;10999;0;1778663145.2074845;1.1872972461509739;1.8455676279217599;-0.6252170300327988;10.13965326577092;3.917318364024446;2.605178908449546
0;11003;0;1778663145.2380607;1.1836029296755783;1.8561535001506897;-0.5672472297348529;10.174125108367859;3.9174280060099456;2.6059584730253444
0;11007;0;1778663145.2689073;1.1799590939648283;1.8667350880342808;-0.5098159530184203;10.20411537671958;3.9174913770657844;2.606260910551095
0;11011;0;1778663145.3000607;1.1796519250316162;1.8667170192735036;-0.5100224398361678;10.204315884081442;3.917488359396459;2.6072465148825192
0;11014;0;1778663145.3310153;1.1791843725620212;1.8666365480914857;-0.5106860942429605;10.204894605998787;3.9174937241419268;2.6091203198854664
0;11018;0;1778663145.363035;1.178251130381674;1.8670808160755434;-0.5129544222550625;10.21636845536818;3.917621807439972;2.614217666321416
0;11022;0;1778663145.3934586;1.1780658790147371;1.8674597012242111;-0.5132995448997008;10.220005082202206;3.917672437225325;2.614940733421506
0;11026;0;1778663145.4247067;1.1779886676606943;1.8675260154390223;-0.5133465329915157;10.222769937897706;3.9177274258663703;2.6152818977036025
0;11029;0;1778663145.455939;1.1769344392934942;1.8677653799503486;-0.5128884340230488;10.23702205482627;3.919784805753296;2.6186680579835997
0;11031;0;1778663145.4732225;1.1764280483020224;1.8677635171915057;-0.5131134552912842;10.239162588267945;3.9206549004088647;2.6203614734201897
0;11035;0;1778663145.5034559;1.1756772633503478;1.8678134391284982;-0.5131603036761858;10.242729473410892;3.92158769552709;2.623650397688581
0;11039;0;1778663145.5355096;1.1751803724289756;1.8678518119606642;-0.5132090148199305;10.246032144839544;3.922322330359595;2.625059146318783
0;11043;0;1778663145.5659423;1.1744293080634747;1.8678575865130775;-0.5134755290413939;10.247972841512544;3.9233278848382276;2.627285515687946
0;11046;0;1778663145.5970056;1.1741137567154691;1.8678037527825146;-0.5139516967706378;10.25317262105727;3.9238576534531795;2.628686217199946
0;11050;0;1778663145.6287532;1.1730381997595165;1.8679782932861044;-0.5140801805618344;10.264491563401277;3.926839781340128;2.631998947526352
0;11054;0;1778663145.6578968;1.1727307514124778;1.868059695847544;-0.5138631691566239;10.264791989147477;3.9276625991762613;2.632685634946238
0;11057;0;1778663145.6889956;1.172720319962957;1.8681975400019264;-0.5133745209431319;10.26498109642522;3.9276149870602337;2.632692173229777
0;11061;0;1778663145.7208526;1.1707681486954846;1.8684618654817495;-0.5135300613065229;10.269409023215756;3.9318642007673734;2.639305395556989
0;11065;0;1778663145.7515554;1.1698728136575929;1.8689480455397744;-0.512455063178223;10.274885087152077;3.9339527632373303;2.6407032470479592
0;11069;0;1778663145.7824633;1.1698090141672197;1.8691624490826046;-0.5118429606224106;10.27551678593092;3.933958798575982;2.640703917641143
0;11072;0;1778663145.8143473;1.1698285731350713;1.8713856517617347;-0.5125259411521995;10.285424800216878;3.9340758170864993;2.6408896719529675
0;11076;0;1778663145.8456738;1.1687853350450448;1.8759421461676165;-0.5115813361429101;10.299175313444195;3.9373858650401714;2.6435195707702914
0;11080;0;1778663145.8769286;1.1686834421363324;1.876204795164481;-0.5119124415272548;10.300059155260026;3.938467867141721;2.643652348220621
0;11082;0;1778663145.895139;1.1680731092014207;1.8760861374261812;-0.5128040976164316;10.300171144321666;3.944568923925048;2.6446361084207908
0;11086;0;1778663145.9251323;1.1677157389173898;1.8761356868114052;-0.5127778792857163;10.300490346677005;3.948557276883813;2.645282560249668
0;11090;0;1778663145.9583828;1.1676778317749343;1.8760488822493209;-0.5132696941892415;10.300490346677005;3.949845151092691;2.645396393442564
0;11093;0;1778663145.9890707;1.1680711533046355;1.874860442107482;-0.5197486022900787;10.300253627283235;3.9501770947185153;2.645273507241691
0;11097;0;1778663146.0220394;1.167873328315508;1.8758974399553843;-0.5159515546644913;10.299724529261468;3.952865502791098;2.6452213686216752
0;11101;0;1778663146.0523443;1.1671372591586935;1.880520062300193;-0.5016775596333184;10.299265843523965;3.9539448225199143;2.645147771019788
0;11105;0;1778663146.0837703;1.1689834394479988;1.8786515289047716;-0.5289612486999434;10.288870307993614;3.96427195754555;2.6448681336622757
0;11109;0;1778663146.1151607;1.1694744626790157;1.8775394618754957;-0.5391612504345443;10.248993484337804;3.9909515073504167;2.644950951920436
0;11112;0;1778663146.146836;1.169262294446797;1.8790289238463649;-0.5356376558071104;10.247210377062922;4.0007579267690785;2.644980122723917
0;11116;0;1778663146.1791203;1.169277755345194;1.8800512058994079;-0.5358728291110403;10.247054799444355;4.006347991546592;2.6449787815375503
0;11120;0;1778663146.2085834;1.1693355940072694;1.881193077070172;-0.5358790693531643;10.24706150537619;4.007259327682945;2.644896298575982
0;11124;0;1778663146.241542;1.1695071540967104;1.8814398926168703;-0.5359361163427314;10.247068881901209;4.008447618804077;2.643752601901552
0;11126;0;1778663146.2589693;1.1695653653105544;1.881568422977038;-0.5359498076202275;10.24708095257851;4.008546866595232;2.6432087508297473
0;11130;0;1778663146.2892308;1.1695974979005963;1.8816442372619484;-0.5365108705837415;10.246612207943256;4.009611768570603;2.6431945007245985
0;11133;0;1778663146.3209257;1.1695569828957608;1.8816999337513542;-0.5365109171527126;10.246550513370376;4.013716134150109;2.6432137802786233
0;11135;0;1778663146.3382218;1.1693912904966752;1.8825143319175175;-0.5338271007806777;10.246575995911348;4.014902748788283;2.6432347363156072
0;11139;0;1778663146.3687327;1.1693534764921623;1.8838059688992592;-0.5303983205783529;10.246681279041155;4.017763164012429;2.641647945195191
0;11143;0;1778663146.4001737;1.1692792455522685;1.884161942114158;-0.5299297901603653;10.246671220143403;4.023647619197491;2.641654315830434
0;11146;0;1778663146.430738;1.1691891811622088;1.8843631200692028;-0.5295807557221567;10.246580690063633;4.031838914933735;2.6417002514635026
0;11149;0;1778663146.448135;1.1690594400087932;1.884835888263558;-0.52839934749495;10.246302393892487;4.0356770550193986;2.6416994132220233
0;11152;0;1778663146.478618;1.1690105425891644;1.8849759677285522;-0.5280691734900268;10.246001297553104;4.038774189637314;2.6417124897891013
0;11156;0;1778663146.509162;1.1685410342227844;1.8856182469776217;-0.5264440561064155;10.245995262214452;4.043734902712129;2.6416523040508837
0;11160;0;1778663146.539693;1.1760498151189493;1.8632616016197239;-0.6477870544161631;10.2388883156559;4.043779832455423;2.6415746828898956
0;11162;0;1778663146.557249;1.170647628198342;1.8789790019093724;-0.5624331157809829;10.235145735098882;4.0445399498289;2.6415612710262257
0;11165;0;1778663146.5879278;1.1719409416630424;1.874365693358779;-0.5879962210732924;10.233070919789187;4.044858146294463;2.641614247887721
0;11169;0;1778663146.6175356;1.1711802840895003;1.8765479153433628;-0.578254178600245;10.233064884450537;4.047517383563565;2.6416290009377574
0;11171;0;1778663146.6357472;1.1690533860425536;1.8827287354603477;-0.5450603282765243;10.233062872670985;4.048454872834073;2.641646939305416
0;11174;0;1778663146.6606047;1.1690212534525117;1.8828503736127962;-0.5445456945771722;10.233062202077802;4.0485350087195;2.641352213601275
0;11177;0;1778663146.6817455;1.1686825107569108;1.8831657386849172;-0.5435743124095146;10.233135967327986;4.050794237154654;2.641383060887715
0;11179;0;1778663146.7046206;1.168615730852389;1.883746360616283;-0.5426900607867388;10.234279999299007;4.050944114731162;2.6413746784729213
0;11182;0;1778663146.7294915;1.1683347336809211;1.8845670921625122;-0.5382634472411856;10.23430950539908;4.05097462672101;2.641120858952973
0;11186;0;1778663146.7609706;1.1694399085024778;1.8813791666785884;-0.5555564155292214;10.234452341747161;4.050606471063278;2.639379496103764
0;11190;0;1778663146.7926614;1.168755624041499;1.883386103056045;-0.5447682476899406;10.234900297993727;4.050661124407732;2.639196927109561
0;11194;0;1778663146.8229265;1.1711541123277558;1.8736602665849318;-0.5967081113371855;10.227632409071141;4.051177816455605;2.6392814218506797
0;11197;0;1778663146.853924;1.1725841522915332;1.8688740940137072;-0.6222679102325486;10.221574270251557;4.051273375984252;2.63933825462298
0;11201;0;1778663146.8851805;1.1724140824091667;1.8689333297449147;-0.6218371938190741;10.221026395620651;4.051305229160468;2.6392443715772926
0;11205;0;1778663146.916728;1.171995241083316;1.8685941213596031;-0.6234516934772801;10.217788771730795;4.051495677624576;2.6389893785192733
0;11209;0;1778663146.948105;1.1719424318701168;1.8685812683235863;-0.6234226810083003;10.217181884899743;4.051502048259819;2.6389382457890327
0;11212;0;1778663146.9790008;1.1700968104084646;1.873859209229365;-0.5945333869569447;10.216643398573407;4.051501377666636;2.6386007697694445
0;11216;0;1778663147.0099654;1.164725545284651;1.8889639481355482;-0.5126904693270082;10.217471581155008;4.053004512287413;2.638619378730286
0;11220;0;1778663147.0409114;1.1638485584213627;1.889007722968359;-0.5127042071734753;10.217452804545871;4.058452411310028;2.638902704350308
0;11223;0;1778663147.0722747;1.1638613183194373;1.8889961738635324;-0.5128189065492336;10.217658006060017;4.05848929393512;2.6388403391842443
0;11226;0;1778663147.094174;1.1636535275704998;1.8890425565587232;-0.5126806432741113;10.217975867228986;4.059593425611724;2.6389524958941815
0;11229;0;1778663147.1193674;1.1636154341521603;1.8891945576803126;-0.5118897624383412;10.218518377114425;4.059590072645807;2.638847380412671
0;11231;0;1778663147.1366804;1.1637342781663442;1.8891982831979988;-0.5118563724860803;10.218844955994781;4.058792402054054;2.638614684578002
0;11235;0;1778663147.166736;1.1637891364142707;1.8892908623124962;-0.5113619031512039;10.219895104920115;4.058683430661738;2.6377261486098873
0;11237;0;1778663147.1840572;1.1660330157165584;1.8829520802456243;-0.5458281574716122;10.221269150353072;4.057496145430381;2.637437458244398
0;11241;0;1778663147.2140312;1.1658257837952737;1.8836165263249252;-0.5422731287887025;10.22223346335092;4.057521292674762;2.637288083612777
0;11244;0;1778663147.2410867;1.165930563980193;1.8838495574561858;-0.5411592921385259;10.223189729230567;4.057092448333925;2.637153126734601
0;11246;0;1778663147.2620196;1.1653476136002734;1.8858447584529314;-0.530830620336844;10.224889012357512;4.05704919507359;2.6370899233270575
0;11250;0;1778663147.2937858;1.165306539767785;1.8861586333179783;-0.5292788956516472;10.226034385514902;4.0571273191794655;2.637039964134888
0;11254;0;1778663147.3247702;1.1639144069464633;1.889539726893922;-0.5116600842729983;10.22843712089132;4.058418546354262;2.6368557186577264
0;11258;0;1778663147.3558187;1.1668673454023415;1.8799345971958357;-0.5621437361947217;10.223244717871612;4.0582260861106025;2.6366778438158076
0;11261;0;1778663147.3875458;1.1659396914985236;1.881120056923526;-0.5559230996074676;10.223343295069585;4.061151548873546;2.637037952355338
0;11265;0;1778663147.4176552;1.1651599406468405;1.8842686781958624;-0.5396253568002799;10.22519279106963;4.060897058760415;2.636827721392316
0;11269;0;1778663147.4487953;1.1650108268014576;1.8849772716597424;-0.53601574928327;10.225380557161005;4.061149872390588;2.6366751614430735
0;11271;0;1778663147.4660747;1.1649206692734562;1.8851981948585232;-0.5348786747165268;10.225373180635986;4.0618161067183784;2.6367958682161006
0;11275;0;1778663147.4961352;1.164158894044608;1.8873774364289584;-0.5233264031998441;10.225407380888344;4.062417964100554;2.6371308295112503
0;11278;0;1778663147.5248363;1.163883392011727;1.8874219563653063;-0.5231904218043046;10.225420792752013;4.0665518357801345;2.6374894292161177
0;11280;0;1778663147.5438309;1.1639049068763638;1.8874223289170748;-0.5231982919604163;10.225440910547519;4.066535070950548;2.6374096286272835
0;11284;0;1778663147.5755222;1.1639525003648028;1.8873960640173886;-0.5232145445313215;10.225475110799875;4.066496176545905;2.63725304511894
0;11286;0;1778663147.5955467;1.1641297418687149;1.887369799117702;-0.523309545232315;10.225746030446004;4.066232298128204;2.637172573936922
0;11290;0;1778663147.6233048;1.1642063943951046;1.887367377531206;-0.5232307039642846;10.225720547905032;4.066316792869324;2.636852030395217
0;11294;0;1778663147.6546073;1.1640952808301193;1.8876859092933604;-0.521525487950424;10.225672935789005;4.066415034770704;2.6368635981276323
0;11297;0;1778663147.6865036;1.1641802226333604;1.8876976446740714;-0.5214974068608657;10.225748712818739;4.066409334728644;2.6365214279557603
0;11301;0;1778663147.717309;1.1640032605432746;1.888271560673602;-0.5187284158407344;10.225936478910112;4.066756366701097;2.6365185779347304
0;11303;0;1778663147.7347312;1.1640771189313999;1.8882719332253706;-0.5186979131646801;10.225791630782481;4.068288672125354;2.6355314647686434
0;11307;0;1778663147.7645931;1.1642482133311303;1.8883993459302326;-0.517993743753052;10.225607217657023;4.068388590509693;2.633665371587307
0;11311;0;1778663147.7969303;1.1648198008821073;1.8883194335758677;-0.518274927200404;10.225759442309673;4.0681317533204195;2.6311717708345257
0;11313;0;1778663147.8156152;1.165177078028196;1.888067774856177;-0.5195389487822981;10.225812419171168;4.068062011629338;2.630369909035376
0;11315;0;1778663147.8361378;1.1656658659486014;1.8880297745757797;-0.5195622798368068;10.22593580831693;4.068019093665595;2.6281765663804992
0;11318;0;1778663147.859871;1.1661915364940985;1.8871134835009042;-0.5241538406779083;10.225963302637453;4.068006352395108;2.62736900453929
0;11322;0;1778663147.8941696;1.1667101285559918;1.8870760420481598;-0.524104710413424;10.226818979539576;4.067988581675746;2.6248718831722955
0;11326;0;1778663147.9219291;1.1668951005091024;1.886537518466646;-0.5253284964043091;10.22688134470564;4.068042899723609;2.6233365600787115
0;11329;0;1778663147.953413;1.1668774043000938;1.885669845397573;-0.5252296304787165;10.226830379623696;4.068083805907801;2.6218786904978195
0;11333;0;1778663147.9845436;1.1669506107226242;1.8854036571589072;-0.5252401550661795;10.226929627414851;4.068084811797576;2.6208273680344143
0;11337;0;1778663148.0160432;1.167348123459722;1.8853753432244935;-0.5250622615966722;10.227839622364836;4.068067041078214;2.6177307363613864
0;11339;0;1778663148.0347002;1.1674477810578228;1.8853542940495676;-0.525112882068231;10.227885222701314;4.068078105865741;2.616216872249674
0;11343;0;1778663148.0632598;1.1675833899015937;1.8849016436507164;-0.5262104195785312;10.22786912846491;4.068134100396562;2.615290615414988
0;11346;0;1778663148.0954044;1.1675793849700813;1.8849809971774285;-0.5258196593422393;10.231170458707197;4.068332260682281;2.614990189668788
0;11350;0;1778663148.1272318;1.1673387165275648;1.885788130584104;-0.5214052468671079;10.236132848264969;4.068361431485762;2.6135326553844878
0;11354;0;1778663148.1594133;1.1677257978151419;1.8858263171403857;-0.5211171712120367;10.237104537787838;4.068307448734492;2.6074651282603347
0;11358;0;1778663148.1901984;1.1682396398419856;1.8858244543815426;-0.5221222693147527;10.247156729608244;4.068381213984675;2.6066404662929465
0;11362;0;1778663148.2211688;1.1706849765131442;1.886226065188095;-0.5219121966862325;10.257390652181376;4.068273583778726;2.604799855652582
0;11365;0;1778663148.251964;1.1731263082527907;1.8860671718587865;-0.5221792697353488;10.257742043009522;4.0681428181079475;2.602349005215248
0;11369;0;1778663148.2832057;1.1739901626662357;1.8848414765400872;-0.5295556084777762;10.264321903325857;4.068460343980326;2.602024773411034
0;11373;0;1778663148.3146446;1.1745161126255588;1.883421309198178;-0.5376816610855432;10.271932465365204;4.0699668315670205;2.602045561799722
0;11375;0;1778663148.332522;1.1746023583599903;1.8831219638521066;-0.5392333392017689;10.272876660567547;4.073199761304592;2.6020425441303963
0;11378;0;1778663148.3538575;1.1754303546657072;1.8806776516983117;-0.5523674189589628;10.275387361446507;4.074799796640382;2.601997446738807
0;11380;0;1778663148.3758516;1.1767253446133663;1.8766894850154314;-0.5736592182242549;10.275690469565442;4.0823329051670365;2.6020073379882636
0;11382;0;1778663148.3935204;1.1766054760818188;1.8766952595678448;-0.573645620084701;10.277203998380562;4.090639207634247;2.6020375146815202
0;11384;0;1778663148.4108982;1.17662242718729;1.876598768659777;-0.5739437546375245;10.27740584692879;4.091138799555942;2.602026114597401
0;11387;0;1778663148.431408;1.1773435011354185;1.8770760074753554;-0.5712260360545468;10.278419783822217;4.090896715416704;2.600847379429134
0;11390;0;1778663148.454009;1.1784533328540827;1.8762644034474572;-0.5753843191887646;10.278432525092702;4.090838373809741;2.599374924446501
0;11392;0;1778663148.474966;1.180409136501299;1.8766190727311658;-0.5734293072140567;10.278964976080388;4.090292175661795;2.5964053701817433
0;11395;0;1778663148.4957738;1.180680819878552;1.876518297477759;-0.5742038889099504;10.27913664793536;4.090296869814079;2.596322551923583
0;11397;0;1778663148.5167477;1.1810492735776987;1.8762293835812085;-0.5757954300654164;10.279178224712735;4.090305922822056;2.59624392487282
0;11401;0;1778663148.5485454;1.1854386785153628;1.8658979642102331;-0.6314289116534908;10.278519031613373;4.090346158413065;2.595860010275276
0;11404;0;1778663148.5735564;1.192229086463722;1.8476738493455487;-0.7297440660252339;10.278278959253685;4.09041254713823;2.595644582215082
0;11407;0;1778663148.5953803;1.195136666741773;1.8388846080206998;-0.7758751024964425;10.278481478395097;4.108293243782618;2.5957305857908635
0;11410;0;1778663148.6262872;1.18694667493672;1.8625282334632318;-0.6475004223991953;10.278552561272546;4.119659798242653;2.5957699831403933
0;11413;0;1778663148.6513622;1.1909753566244354;1.849403607207166;-0.7126946534559213;10.277769979027422;4.139333325763081;2.595916340102688
0;11416;0;1778663148.6732094;1.191209132859233;1.847120237417407;-0.717538990672019;10.277230151514718;4.143667034211339;2.595937463787968
0;11419;0;1778663148.6942017;1.1913368249779213;1.8461421027489433;-0.7202365914594921;10.277208021939662;4.148940579006249;2.5959547315624425
0;11421;0;1778663148.7156203;1.1912998492148874;1.845536333573197;-0.7202856751550054;10.277161751010002;4.150485625700993;2.5959693169641835
0;11423;0;1778663148.7358658;1.1909078316163764;1.8463781142943523;-0.7144769876858825;10.277153033298617;4.1514006500998555;2.5959508756516376
0;11426;0;1778663148.7583127;1.190719879249117;1.8467569994430202;-0.7118767626169276;10.278883834305187;4.156757013152925;2.5959500374101583
0;11429;0;1778663148.7787867;1.1911693629579345;1.845265115885655;-0.7192598072911898;10.278908646252976;4.161262728752747;2.595950205058454
0;11431;0;1778663148.7988245;1.191581964041661;1.8437657812929178;-0.7259859500594652;10.278255488492263;4.164027584448247;2.595935954953305
0;11435;0;1778663148.8283505;1.1936840873959955;1.8402060491439296;-0.7442295307540591;10.276450251642327;4.1632165019928244;2.5948754118336272
0;11437;0;1778663148.849845;1.1944989512518693;1.8375380196530893;-0.7551633197658921;10.272885378278932;4.16313670140399;2.5947387784724922
0;11440;0;1778663148.8764098;1.1931052350855307;1.839514406785521;-0.7436017344549943;10.273124109452253;4.185389665604686;2.5948621676182535
0;11442;0;1778663148.8937802;1.193050842527315;1.8394028275308245;-0.7438968420246979;10.273132156570455;4.186774440528578;2.594864179397804
0;11445;0;1778663148.9137263;1.1929287386851557;1.8392653559282106;-0.7444021153608638;10.273144227247757;4.18921640560623;2.5948408762846777
0;11447;0;1778663148.935225;1.1922481797418627;1.8411616444303929;-0.7340820122498598;10.273159650890976;4.196337769918227;2.5929363916435864
0;11450;0;1778663148.956142;1.1904126171779625;1.8464198400924356;-0.7060697981997345;10.277208692532847;4.208148257065727;2.591521104729846
0;11453;0;1778663148.9851558;1.1885004020876728;1.8539282484368325;-0.6755786246813341;10.306561226767075;4.218281925957929;2.5898912279973905
0;11456;0;1778663149.002857;1.1884708773600112;1.8543551927636497;-0.674843486903941;10.308594465299397;4.225869017235855;2.587034165739162
0;11459;0;1778663149.0330796;1.188501054053268;1.8543453201417819;-0.674921489930492;10.308605194790331;4.231354469476744;2.583702491155323
