RECV_TIME,S_0_0,S_0_1,S_0_2,S_0_3,S_0_4,S_0_5,S_0_6,S_0_7,S_0_8,S_0_9,S_0_10,S_0_11,S_0_12,S_0_13,S_0_14,S_0_15,S_1_0,S_1_1,S_1_2,S_1_3,S_1_4,S_1_5,S_1_6,S_1_7,S_1_8,S_1_9,S_1_10,S_1_11,S_1_12,S_1_13,S_1_14,S_1_15,S_2_0,S_2_1,S_2_2,S_2_3,S_2_4,S_2_5,S_2_6,S_2_7,S_2_8,S_2_9,S_2_10,S_2_11,S_2_12,S_2_13,S_2_14,S_2_15,S_3_0,S_3_1,S_3_2,S_3_3,S_3_4,S_3_5,S_3_6,S_3_7,S_3_8,S_3_9,S_3_10,S_3_11,S_3_12,S_3_13,S_3_14,S_3_15,S_4_0,S_4_1,S_4_2,S_4_3,S_4_4,S_4_5,S_4_6,S_4_7,S_4_8,S_4_9,S_4_10,S_4_11,S_4_12,S_4_13,S_4_14,S_4_15,S_5_0,S_5_1,S_5_2,S_5_3,S_5_4,S_5_5,S_5_6,S_5_7,S_5_8,S_5_9,S_5_10,S_5_11,S_5_12,S_5_13,S_5_14,S_5_15,S_6_0,S_6_1,S_6_2,S_6_3,S_6_4,S_6_5,S_6_6,S_6_7,S_6_8,S_6_9,S_6_10,S_6_11,S_6_12,S_6_13,S_6_14,S_6_15,S_7_0,S_7_1,S_7_2,S_7_3,S_7_4,S_7_5,S_7_6,S_7_7,S_7_8,S_7_9,S_7_10,S_7_11,S_7_12,S_7_13,S_7_14,S_7_15,S_mean
1778662925.3173978,69.75,70.9,142.3,107.85,147.5,117.75,155.9,102.5,184.4,110.95,157.55,78.0,170.55,135.1,177.4,212.45,119.5,66.5,61.35,66.8,84.1,95.05,119.95,125.15,199.65,363.45,278.65,290.9,241.7,189.15,75.8,121.6,135.35,80.8,86.0,69.95,87.0,84.6,108.55,291.4,559.75,596.65,1270.25,415.5,415.5,245.65,101.15,111.0,95.75,79.0,84.8,70.4,74.5,76.5,77.35,124.3,756.5,2060.3,2852.3,2323.1,722.6,518.5,136.3,92.8,165.35,90.05,87.8,87.75,88.3,83.35,98.8,544.95,2961.15,10211.65,6011.25,2899.05,847.1,402.05,131.1,117.25,125.5,107.2,80.55,92.05,84.2,100.4,103.35,1002.7,805.5,2504.9,2643.25,1459.65,406.95,296.0,97.45,87.0,145.05,108.45,83.45,84.25,83.45,83.65,100.7,149.15,347.15,502.8,550.75,303.75,152.9,140.7,73.9,120.2,360.95,239.2,156.6,193.35,147.85,198.75,137.15,212.25,172.15,523.7,317.05,266.75,139.35,241.0,130.9,207.45,475.65
1778662925.5995479,67.0,72.0,142.0,107.0,148.0,115.0,148.0,95.0,162.0,126.0,144.0,73.0,167.0,134.0,174.0,208.0,121.0,70.0,68.0,71.0,79.0,97.0,121.0,95.0,114.0,190.0,110.0,104.0,99.0,124.0,86.0,115.0,134.0,88.0,84.0,71.0,84.0,86.0,109.0,193.0,236.0,228.0,311.0,103.0,132.0,96.0,76.0,110.0,103.0,73.0,85.0,76.0,80.0,71.0,82.0,105.0,328.0,655.0,362.0,243.0,167.0,255.0,89.0,84.0,174.0,94.0,89.0,97.0,96.0,81.0,116.0,606.0,3741.0,11583.0,2945.0,749.0,403.0,344.0,115.0,110.0,131.0,110.0,85.0,94.0,80.0,115.0,130.0,2026.0,1495.0,8314.0,5708.0,1942.0,551.0,387.0,105.0,88.0,152.0,109.0,76.0,77.0,81.0,78.0,105.0,273.0,811.0,1307.0,1666.0,677.0,284.0,186.0,77.0,118.0,350.0,243.0,156.0,191.0,146.0,198.0,132.0,246.0,257.0,800.0,605.0,375.0,192.0,275.0,129.0,214.0,484.0
1778662925.624548,69.0,73.0,138.0,99.0,149.0,111.0,160.0,97.0,174.0,140.0,151.0,71.0,171.0,142.0,187.0,200.0,123.0,63.0,60.0,66.0,86.0,102.0,118.0,98.0,116.0,169.0,127.0,106.0,100.0,115.0,70.0,124.0,139.0,75.0,89.0,69.0,90.0,90.0,106.0,186.0,219.0,229.0,304.0,107.0,116.0,97.0,76.0,108.0,96.0,70.0,77.0,71.0,79.0,77.0,72.0,96.0,319.0,629.0,369.0,248.0,171.0,250.0,77.0,81.0,173.0,91.0,87.0,90.0,87.0,92.0,115.0,589.0,3551.0,11282.0,2861.0,735.0,407.0,353.0,107.0,104.0,131.0,108.0,70.0,87.0,75.0,108.0,128.0,2026.0,1499.0,8383.0,5902.0,2014.0,548.0,393.0,103.0,82.0,139.0,102.0,88.0,79.0,85.0,82.0,108.0,282.0,839.0,1362.0,1741.0,703.0,296.0,186.0,60.0,117.0,356.0,258.0,157.0,201.0,147.0,207.0,136.0,242.0,258.0,800.0,610.0,399.0,184.0,272.0,139.0,212.0,483.0
1778662925.6495528,75.0,67.0,149.0,113.0,154.0,120.0,159.0,97.0,172.0,124.0,154.0,77.0,165.0,136.0,177.0,209.0,118.0,64.0,70.0,73.0,82.0,93.0,124.0,105.0,114.0,178.0,129.0,100.0,93.0,108.0,70.0,126.0,142.0,85.0,77.0,70.0,93.0,86.0,107.0,182.0,218.0,214.0,296.0,108.0,117.0,101.0,66.0,111.0,99.0,85.0,86.0,72.0,70.0,80.0,79.0,111.0,302.0,615.0,365.0,243.0,159.0,250.0,72.0,72.0,170.0,87.0,85.0,94.0,91.0,86.0,119.0,588.0,3407.0,11033.0,2784.0,726.0,396.0,344.0,106.0,111.0,126.0,99.0,73.0,94.0,86.0,106.0,132.0,1999.0,1492.0,8397.0,5971.0,2043.0,557.0,398.0,100.0,88.0,145.0,108.0,76.0,86.0,82.0,80.0,117.0,293.0,854.0,1379.0,1775.0,719.0,299.0,189.0,76.0,119.0,354.0,235.0,165.0,194.0,147.0,210.0,146.0,257.0,268.0,830.0,624.0,398.0,176.0,277.0,123.0,199.0,481.0
1778662925.674553,65.0,68.0,141.0,108.0,161.0,110.0,161.0,104.0,168.0,115.0,146.0,75.0,161.0,136.0,178.0,207.0,116.0,72.0,65.0,75.0,84.0,91.0,107.0,103.0,114.0,177.0,124.0,99.0,91.0,106.0,76.0,128.0,141.0,82.0,94.0,69.0,90.0,91.0,102.0,183.0,218.0,218.0,300.0,113.0,125.0,111.0,58.0,105.0,99.0,84.0,77.0,83.0,74.0,75.0,78.0,103.0,300.0,612.0,363.0,237.0,164.0,240.0,82.0,80.0,174.0,88.0,89.0,87.0,92.0,80.0,112.0,571.0,3362.0,10930.0,2763.0,722.0,394.0,347.0,114.0,109.0,125.0,111.0,76.0,94.0,86.0,109.0,128.0,2005.0,1499.0,8452.0,6022.0,2071.0,553.0,397.0,97.0,88.0,146.0,110.0,86.0,86.0,86.0,77.0,116.0,299.0,850.0,1423.0,1800.0,728.0,314.0,190.0,70.0,121.0,357.0,245.0,159.0,188.0,156.0,203.0,140.0,251.0,281.0,837.0,632.0,405.0,198.0,275.0,134.0,206.0,482.0
1778662925.699554,64.0,72.0,146.0,108.0,149.0,117.0,149.0,97.0,165.0,129.0,156.0,67.0,163.0,139.0,165.0,200.0,125.0,75.0,63.0,66.0,89.0,95.0,105.0,98.0,108.0,171.0,127.0,102.0,100.0,117.0,76.0,123.0,142.0,76.0,78.0,71.0,94.0,85.0,109.0,173.0,211.0,232.0,292.0,109.0,112.0,103.0,75.0,102.0,98.0,84.0,76.0,71.0,74.0,79.0,76.0,100.0,308.0,599.0,352.0,244.0,168.0,247.0,83.0,75.0,162.0,102.0,95.0,75.0,85.0,85.0,112.0,574.0,3363.0,10922.0,2762.0,726.0,404.0,339.0,101.0,119.0,126.0,118.0,84.0,96.0,89.0,115.0,130.0,2003.0,1483.0,8366.0,6010.0,2071.0,549.0,391.0,97.0,78.0,152.0,113.0,87.0,87.0,84.0,92.0,110.0,291.0,854.0,1392.0,1769.0,717.0,304.0,192.0,77.0,124.0,359.0,239.0,164.0,190.0,150.0,201.0,138.0,244.0,258.0,846.0,628.0,411.0,196.0,276.0,135.0,202.0,479.0
1778662925.724555,73.0,70.0,155.0,109.0,159.0,113.0,150.0,97.0,165.0,116.0,154.0,82.0,167.0,136.0,172.0,211.0,120.0,67.0,69.0,66.0,88.0,93.0,118.0,97.0,111.0,182.0,120.0,102.0,94.0,120.0,81.0,117.0,135.0,78.0,87.0,64.0,83.0,78.0,107.0,175.0,212.0,249.0,299.0,108.0,118.0,100.0,79.0,103.0,103.0,78.0,88.0,73.0,70.0,66.0,77.0,111.0,308.0,604.0,368.0,245.0,169.0,243.0,73.0,79.0,173.0,93.0,91.0,81.0,95.0,87.0,119.0,565.0,3353.0,10915.0,2767.0,734.0,400.0,345.0,112.0,115.0,130.0,112.0,89.0,83.0,80.0,111.0,126.0,1969.0,1457.0,8182.0,5960.0,2057.0,546.0,397.0,101.0,78.0,140.0,103.0,83.0,85.0,82.0,86.0,107.0,283.0,837.0,1367.0,1760.0,723.0,299.0,191.0,84.0,120.0,358.0,234.0,157.0,191.0,148.0,205.0,146.0,258.0,274.0,858.0,637.0,415.0,192.0,277.0,132.0,213.0,477.0
1778662925.749558,73.0,70.0,146.0,112.0,140.0,114.0,149.0,99.0,168.0,130.0,146.0,73.0,165.0,135.0,169.0,212.0,125.0,72.0,67.0,70.0,79.0,101.0,114.0,101.0,109.0,176.0,137.0,113.0,98.0,116.0,69.0,122.0,141.0,84.0,84.0,69.0,87.0,84.0,105.0,176.0,216.0,221.0,306.0,118.0,118.0,103.0,75.0,108.0,96.0,69.0,88.0,73.0,73.0,85.0,88.0,108.0,306.0,620.0,383.0,245.0,173.0,247.0,79.0,73.0,168.0,87.0,85.0,90.0,91.0,80.0,124.0,572.0,3358.0,10939.0,2796.0,735.0,400.0,335.0,105.0,108.0,125.0,110.0,86.0,97.0,85.0,115.0,142.0,1932.0,1440.0,8069.0,5955.0,2058.0,555.0,397.0,97.0,84.0,151.0,112.0,90.0,85.0,81.0,94.0,121.0,285.0,833.0,1350.0,1741.0,712.0,300.0,193.0,84.0,111.0,350.0,243.0,151.0,198.0,154.0,204.0,131.0,253.0,268.0,825.0,638.0,412.0,198.0,279.0,129.0,202.0,477.0
1778662925.774554,66.0,76.0,146.0,111.0,154.0,116.0,148.0,95.0,159.0,136.0,150.0,70.0,167.0,135.0,174.0,208.0,123.0,63.0,58.0,68.0,87.0,102.0,119.0,99.0,104.0,169.0,120.0,97.0,90.0,105.0,73.0,128.0,134.0,82.0,85.0,72.0,92.0,88.0,107.0,184.0,222.0,206.0,284.0,109.0,122.0,102.0,74.0,109.0,96.0,73.0,85.0,73.0,78.0,78.0,76.0,105.0,310.0,640.0,380.0,253.0,164.0,248.0,83.0,76.0,166.0,99.0,94.0,88.0,90.0,90.0,118.0,575.0,3435.0,11121.0,2863.0,771.0,407.0,353.0,110.0,111.0,131.0,109.0,75.0,98.0,90.0,114.0,126.0,1961.0,1459.0,8198.0,6130.0,2145.0,572.0,400.0,108.0,83.0,144.0,103.0,76.0,79.0,90.0,97.0,120.0,296.0,821.0,1363.0,1768.0,735.0,313.0,193.0,76.0,121.0,361.0,243.0,157.0,187.0,155.0,205.0,150.0,252.0,274.0,830.0,634.0,413.0,185.0,272.0,132.0,222.0,484.0
1778662925.799556,68.0,69.0,137.0,105.0,151.0,119.0,160.0,97.0,168.0,127.0,149.0,81.0,171.0,144.0,171.0,202.0,120.0,55.0,69.0,57.0,90.0,93.0,109.0,99.0,100.0,175.0,111.0,97.0,100.0,120.0,83.0,126.0,136.0,81.0,87.0,70.0,89.0,80.0,111.0,178.0,220.0,228.0,292.0,104.0,119.0,102.0,71.0,105.0,90.0,79.0,91.0,72.0,83.0,80.0,71.0,103.0,313.0,635.0,380.0,249.0,180.0,253.0,77.0,84.0,176.0,88.0,82.0,93.0,90.0,82.0,121.0,569.0,3462.0,11193.0,2942.0,784.0,427.0,356.0,109.0,109.0,130.0,107.0,82.0,93.0,88.0,106.0,122.0,1925.0,1430.0,8142.0,6286.0,2254.0,587.0,406.0,109.0,92.0,138.0,109.0,77.0,90.0,83.0,90.0,113.0,295.0,821.0,1343.0,1803.0,750.0,308.0,208.0,77.0,127.0,363.0,248.0,149.0,197.0,145.0,207.0,142.0,252.0,266.0,838.0,623.0,408.0,193.0,283.0,137.0,218.0,487.0
1778662925.82456,62.0,70.0,136.0,106.0,141.0,122.0,157.0,102.0,168.0,135.0,137.0,69.0,166.0,135.0,170.0,211.0,118.0,76.0,61.0,75.0,88.0,97.0,107.0,101.0,102.0,168.0,116.0,104.0,94.0,113.0,75.0,123.0,128.0,84.0,83.0,67.0,83.0,89.0,100.0,171.0,219.0,229.0,287.0,113.0,121.0,95.0,74.0,104.0,94.0,71.0,71.0,73.0,74.0,73.0,85.0,105.0,311.0,638.0,394.0,251.0,173.0,249.0,81.0,80.0,159.0,91.0,87.0,95.0,92.0,87.0,117.0,566.0,3412.0,11153.0,2962.0,796.0,424.0,357.0,113.0,109.0,119.0,109.0,83.0,88.0,83.0,113.0,129.0,1910.0,1403.0,8098.0,6457.0,2337.0,593.0,416.0,104.0,95.0,136.0,115.0,80.0,84.0,86.0,95.0,111.0,297.0,817.0,1333.0,1859.0,764.0,321.0,199.0,81.0,117.0,351.0,236.0,157.0,205.0,152.0,196.0,136.0,251.0,277.0,831.0,652.0,434.0,220.0,277.0,139.0,211.0,488.0
1778662925.849561,78.0,65.0,141.0,114.0,138.0,117.0,158.0,98.0,178.0,119.0,152.0,75.0,162.0,135.0,171.0,209.0,112.0,65.0,64.0,71.0,82.0,91.0,114.0,91.0,115.0,148.0,120.0,102.0,91.0,112.0,77.0,123.0,127.0,78.0,92.0,75.0,86.0,81.0,109.0,169.0,215.0,203.0,293.0,115.0,113.0,97.0,67.0,111.0,92.0,78.0,86.0,71.0,68.0,81.0,79.0,102.0,313.0,642.0,391.0,258.0,175.0,250.0,82.0,76.0,165.0,93.0,90.0,89.0,87.0,76.0,125.0,561.0,3450.0,11403.0,3169.0,875.0,450.0,360.0,109.0,102.0,130.0,102.0,80.0,87.0,75.0,104.0,137.0,1906.0,1393.0,8299.0,7149.0,2696.0,642.0,433.0,112.0,80.0,147.0,108.0,78.0,82.0,74.0,83.0,114.0,304.0,825.0,1367.0,2006.0,830.0,334.0,209.0,78.0,117.0,352.0,240.0,159.0,184.0,141.0,208.0,146.0,256.0,283.0,828.0,686.0,442.0,214.0,281.0,137.0,204.0,505.0
1778662925.8745608,58.0,70.0,146.0,96.0,150.0,113.0,153.0,105.0,170.0,126.0,150.0,72.0,166.0,135.0,181.0,202.0,120.0,75.0,67.0,72.0,82.0,98.0,110.0,107.0,109.0,171.0,119.0,106.0,84.0,112.0,73.0,116.0,136.0,95.0,96.0,72.0,95.0,86.0,97.0,172.0,212.0,212.0,298.0,110.0,116.0,102.0,69.0,107.0,112.0,87.0,75.0,72.0,71.0,77.0,72.0,105.0,333.0,716.0,463.0,301.0,191.0,276.0,81.0,86.0,165.0,93.0,87.0,93.0,86.0,85.0,122.0,569.0,3892.0,12990.0,4462.0,1244.0,558.0,415.0,115.0,110.0,126.0,110.0,76.0,98.0,89.0,119.0,139.0,1959.0,1376.0,9506.0,10529.0,4354.0,857.0,494.0,105.0,80.0,144.0,101.0,80.0,82.0,93.0,88.0,121.0,316.0,858.0,1523.0,2724.0,1094.0,390.0,230.0,79.0,116.0,349.0,235.0,153.0,180.0,142.0,200.0,140.0,252.0,281.0,894.0,758.0,480.0,213.0,295.0,129.0,210.0,601.0
1778662925.899562,74.0,71.0,141.0,113.0,154.0,119.0,153.0,97.0,170.0,145.0,159.0,74.0,170.0,146.0,169.0,199.0,125.0,70.0,67.0,76.0,81.0,98.0,121.0,99.0,103.0,186.0,136.0,99.0,85.0,106.0,78.0,118.0,141.0,84.0,90.0,66.0,93.0,83.0,101.0,173.0,204.0,213.0,301.0,99.0,121.0,104.0,64.0,106.0,110.0,80.0,82.0,74.0,75.0,74.0,78.0,93.0,284.0,622.0,453.0,286.0,184.0,263.0,90.0,80.0,164.0,95.0,90.0,90.0,85.0,83.0,113.0,474.0,2519.0,11513.0,4657.0,1308.0,539.0,395.0,122.0,113.0,128.0,110.0,89.0,96.0,82.0,109.0,132.0,1634.0,1181.0,7657.0,12023.0,5291.0,920.0,493.0,108.0,89.0,145.0,108.0,82.0,89.0,83.0,80.0,106.0,312.0,877.0,1612.0,3011.0,1164.0,415.0,255.0,74.0,125.0,353.0,237.0,158.0,193.0,151.0,204.0,134.0,241.0,300.0,947.0,877.0,506.0,242.0,307.0,139.0,214.0,586.0
1778662925.924562,65.0,63.0,141.0,102.0,145.0,116.0,160.0,97.0,168.0,135.0,151.0,83.0,165.0,134.0,171.0,205.0,122.0,75.0,61.0,67.0,78.0,92.0,118.0,116.0,105.0,180.0,140.0,97.0,90.0,113.0,80.0,116.0,132.0,89.0,82.0,57.0,91.0,76.0,101.0,162.0,196.0,202.0,279.0,108.0,119.0,100.0,63.0,106.0,90.0,86.0,81.0,72.0,75.0,77.0,76.0,117.0,196.0,427.0,324.0,223.0,157.0,244.0,91.0,73.0,171.0,89.0,86.0,90.0,93.0,84.0,99.0,368.0,1022.0,7630.0,4025.0,1242.0,524.0,366.0,120.0,121.0,130.0,107.0,73.0,87.0,89.0,90.0,125.0,831.0,1439.0,6150.0,11942.0,6107.0,1004.0,544.0,116.0,85.0,145.0,105.0,82.0,79.0,85.0,82.0,112.0,312.0,1001.0,1965.0,3481.0,1295.0,488.0,272.0,73.0,126.0,343.0,228.0,152.0,190.0,147.0,195.0,140.0,257.0,346.0,1136.0,1001.0,562.0,247.0,319.0,136.0,197.0,534.0
1778662925.9495609,65.27977952491537,63.69944881228844,140.8601102375423,102.34972440614422,145.1398897624577,116.34972440614422,159.44044095016926,96.79016535631347,168.20983464368652,132.62187403821932,151.0,83.13988976245768,164.72022047508463,134.27977952491537,170.72022047508463,205.48961416860192,121.65027559385578,74.86011023754232,61.34972440614422,67.20983464368653,77.93005511877115,91.65027559385578,116.74099213788081,113.55192915699047,103.60110237542312,175.80330712626937,138.60110237542312,96.09071654402503,89.16066142525388,113.0,79.79016535631347,116.06994488122885,132.48961416860192,88.86011023754232,81.72022047508463,57.909283455974965,91.06994488122885,76.62950393105959,100.16066142525388,158.22297641364244,191.10385831398094,197.10385831398094,275.2929212948713,107.5103858313981,118.44044095016925,99.09071654402503,63.559559049830746,105.93005511877115,90.27977952491537,85.86011023754232,80.37049606894041,71.93005511877115,75.0,77.27977952491537,74.67104725665197,115.18143308805007,189.00551187711565,413.78041744774856,317.84485045186176,223.1398897624577,158.67867714949224,244.0,89.81093701910966,73.4896141686019,170.3704960689404,88.86011023754232,86.34972440614422,90.13988976245768,92.5103858313981,83.72022047508463,97.2513779692789,353.17168517948517,960.3785596373888,7257.263727931492,3845.2416552418717,1219.4078033630835,528.6863070423325,369.4972440614422,119.65027559385578,120.23060630648273,129.72022047508463,107.0,72.58033071262693,87.34972440614422,88.44044095016925,90.0,124.0207716627962,797.3565121289262,1440.748622030721,5923.308639937318,11451.546492823349,5913.882182927163,1003.2306063064827,550.4349290730536,116.76939369351727,85.4896141686019,144.65027559385578,104.79016535631347,81.72022047508463,79.69944881228844,84.93005511877115,82.41966928737307,113.32895274334803,332.14412579390694,1040.4489130130678,2097.1958255225145,3593.0516997286077,1331.161503595312,500.7999132648784,278.714708597969,73.55955904983075,125.58033071262693,342.58033071262696,229.04917321843266,152.90928345597496,189.58033071262693,146.30055118771156,195.9792283372038,140.7693936935173,276.9342911502204,394.751582216504,1201.1186844240533,1063.8804482247303,589.4883383229355,262.17803922665905,326.6939369351728,135.2306063064827,197.41966928737307,236.0
1778662926.281972,69.0,73.0,139.0,107.0,147.0,121.0,152.0,94.0,171.0,101.0,151.0,85.0,161.0,138.0,167.0,212.0,117.0,73.0,66.0,70.0,77.0,87.0,100.0,81.0,85.0,120.0,120.0,84.0,78.0,113.0,77.0,117.0,139.0,87.0,78.0,70.0,92.0,85.0,89.0,108.0,126.0,132.0,226.0,101.0,111.0,87.0,71.0,105.0,94.0,84.0,72.0,71.0,75.0,81.0,57.0,91.0,96.0,238.0,236.0,225.0,181.0,244.0,74.0,80.0,162.0,87.0,91.0,92.0,86.0,80.0,74.0,156.0,141.0,2301.0,1455.0,919.0,591.0,416.0,115.0,110.0,126.0,107.0,67.0,92.0,81.0,90.0,111.0,350.0,1464.0,2909.0,4930.0,3346.0,993.0,636.0,127.0,92.0,140.0,102.0,78.0,89.0,84.0,88.0,131.0,600.0,1565.0,3855.0,5083.0,1812.0,671.0,368.0,81.0,120.0,337.0,243.0,165.0,184.0,137.0,209.0,151.0,542.0,1043.0,2067.0,1900.0,955.0,464.0,429.0,125.0,203.0,419.0
1778662926.3069758,66.0,62.0,135.0,107.0,149.0,114.0,157.0,98.0,173.0,114.0,150.0,70.0,161.0,133.0,172.0,203.0,122.0,60.0,58.0,66.0,74.0,96.0,93.0,89.0,87.0,130.0,122.0,83.0,80.0,114.0,74.0,125.0,129.0,83.0,83.0,71.0,94.0,77.0,95.0,108.0,128.0,141.0,246.0,106.0,120.0,105.0,71.0,106.0,89.0,82.0,86.0,70.0,69.0,84.0,64.0,99.0,93.0,270.0,299.0,267.0,216.0,263.0,76.0,83.0,157.0,90.0,94.0,97.0,87.0,81.0,76.0,174.0,166.0,2776.0,1817.0,1116.0,660.0,445.0,126.0,113.0,131.0,98.0,79.0,92.0,76.0,92.0,111.0,368.0,1582.0,3236.0,5431.0,3666.0,1032.0,650.0,134.0,73.0,134.0,104.0,70.0,81.0,79.0,90.0,132.0,590.0,1471.0,3486.0,4647.0,1699.0,633.0,360.0,83.0,118.0,356.0,237.0,153.0,188.0,149.0,216.0,156.0,504.0,883.0,1762.0,1601.0,858.0,418.0,412.0,142.0,199.0,425.0
1778662926.331974,63.0,73.0,147.0,104.0,149.0,119.0,160.0,87.0,172.0,102.0,145.0,64.0,169.0,144.0,172.0,209.0,123.0,64.0,73.0,74.0,82.0,100.0,115.0,97.0,84.0,123.0,118.0,89.0,83.0,106.0,71.0,119.0,144.0,74.0,87.0,79.0,97.0,90.0,101.0,108.0,148.0,148.0,282.0,122.0,136.0,98.0,57.0,101.0,112.0,76.0,83.0,73.0,75.0,76.0,75.0,101.0,106.0,306.0,337.0,293.0,256.0,292.0,74.0,76.0,175.0,88.0,85.0,87.0,83.0,72.0,86.0,186.0,191.0,3248.0,2190.0,1304.0,720.0,461.0,124.0,115.0,130.0,109.0,84.0,97.0,80.0,87.0,116.0,388.0,1682.0,3454.0,5767.0,3861.0,1060.0,642.0,129.0,79.0,139.0,107.0,83.0,87.0,93.0,93.0,131.0,562.0,1383.0,3121.0,4207.0,1567.0,592.0,357.0,90.0,111.0,359.0,248.0,153.0,187.0,144.0,204.0,160.0,473.0,764.0,1533.0,1362.0,771.0,385.0,393.0,127.0,195.0,430.0
1778662926.356976,64.0,64.0,149.0,105.0,149.0,120.0,166.0,91.0,169.0,111.0,145.0,78.0,167.0,127.0,164.0,209.0,125.0,66.0,54.0,66.0,88.0,97.0,99.0,92.0,79.0,130.0,114.0,90.0,81.0,119.0,74.0,120.0,133.0,85.0,83.0,67.0,88.0,77.0,95.0,108.0,152.0,153.0,296.0,131.0,155.0,101.0,79.0,114.0,101.0,83.0,79.0,70.0,78.0,77.0,64.0,95.0,107.0,351.0,399.0,344.0,280.0,319.0,77.0,76.0,167.0,89.0,98.0,92.0,97.0,88.0,74.0,198.0,222.0,3729.0,2556.0,1488.0,773.0,494.0,128.0,97.0,134.0,111.0,80.0,96.0,82.0,87.0,113.0,412.0,1754.0,3669.0,6013.0,3971.0,1085.0,648.0,133.0,78.0,142.0,109.0,76.0,89.0,84.0,87.0,134.0,554.0,1301.0,2824.0,3787.0,1455.0,573.0,356.0,89.0,116.0,353.0,234.0,155.0,195.0,153.0,201.0,154.0,442.0,672.0,1367.0,1181.0,704.0,363.0,399.0,129.0,206.0,434.0
1778662926.381976,65.0,67.0,141.0,110.0,146.0,114.0,156.0,101.0,169.0,98.0,153.0,73.0,155.0,140.0,168.0,205.0,115.0,65.0,65.0,80.0,92.0,83.0,99.0,85.0,92.0,129.0,101.0,94.0,93.0,112.0,58.0,123.0,137.0,74.0,89.0,60.0,76.0,86.0,104.0,116.0,155.0,160.0,336.0,143.0,158.0,108.0,68.0,103.0,103.0,75.0,87.0,73.0,77.0,82.0,79.0,101.0,123.0,377.0,463.0,378.0,320.0,334.0,79.0,88.0,173.0,81.0,92.0,87.0,85.0,80.0,82.0,208.0,258.0,4202.0,2931.0,1670.0,818.0,508.0,129.0,107.0,126.0,90.0,87.0,92.0,83.0,87.0,119.0,430.0,1825.0,3774.0,6128.0,4018.0,1072.0,647.0,134.0,77.0,149.0,102.0,75.0,86.0,85.0,86.0,128.0,528.0,1230.0,2542.0,3385.0,1354.0,542.0,342.0,80.0,120.0,354.0,243.0,160.0,189.0,155.0,205.0,149.0,422.0,607.0,1230.0,1054.0,663.0,348.0,382.0,133.0,208.0,437.0
1778662926.406976,57.0,74.0,138.0,106.0,149.0,120.0,153.0,95.0,174.0,106.0,146.0,80.0,165.0,130.0,169.0,208.0,113.0,67.0,64.0,71.0,81.0,89.0,96.0,84.0,86.0,143.0,118.0,98.0,84.0,104.0,63.0,118.0,135.0,73.0,80.0,78.0,81.0,90.0,98.0,118.0,159.0,173.0,364.0,154.0,173.0,110.0,70.0,100.0,94.0,74.0,71.0,77.0,68.0,78.0,67.0,118.0,125.0,423.0,528.0,423.0,351.0,356.0,90.0,84.0,170.0,94.0,86.0,90.0,89.0,84.0,73.0,230.0,299.0,4642.0,3292.0,1830.0,849.0,514.0,141.0,103.0,124.0,111.0,67.0,92.0,79.0,79.0,132.0,446.0,1841.0,3807.0,6120.0,3958.0,1058.0,643.0,140.0,88.0,145.0,99.0,77.0,84.0,89.0,89.0,132.0,495.0,1127.0,2233.0,2942.0,1226.0,505.0,328.0,85.0,113.0,355.0,233.0,155.0,186.0,142.0,207.0,141.0,402.0,525.0,1088.0,921.0,607.0,316.0,380.0,133.0,193.0,435.0
1778662926.431979,71.0,71.0,144.0,99.0,150.0,119.0,156.0,97.0,172.0,113.0,148.0,74.0,168.0,126.0,167.0,212.0,113.0,76.0,66.0,68.0,83.0,92.0,112.0,87.0,99.0,143.0,118.0,99.0,82.0,114.0,70.0,125.0,138.0,83.0,80.0,72.0,89.0,77.0,105.0,111.0,179.0,192.0,409.0,167.0,190.0,124.0,74.0,100.0,93.0,74.0,79.0,77.0,76.0,78.0,71.0,116.0,138.0,473.0,617.0,484.0,369.0,376.0,85.0,75.0,165.0,87.0,84.0,91.0,85.0,93.0,83.0,262.0,355.0,5224.0,3741.0,1974.0,888.0,525.0,143.0,105.0,124.0,109.0,81.0,85.0,85.0,84.0,118.0,460.0,1907.0,3844.0,6084.0,3871.0,1036.0,621.0,129.0,89.0,140.0,111.0,81.0,90.0,90.0,84.0,123.0,488.0,1038.0,1931.0,2534.0,1093.0,447.0,314.0,94.0,109.0,356.0,238.0,162.0,196.0,149.0,211.0,152.0,374.0,470.0,1006.0,806.0,556.0,299.0,366.0,129.0,204.0,438.0
1778662926.45698,68.0,67.0,143.0,107.0,160.0,121.0,156.0,96.0,169.0,96.0,159.0,82.0,170.0,127.0,166.0,204.0,108.0,67.0,60.0,72.0,88.0,90.0,106.0,88.0,101.0,135.0,120.0,114.0,90.0,112.0,69.0,118.0,130.0,75.0,89.0,70.0,84.0,90.0,93.0,125.0,196.0,210.0,456.0,183.0,192.0,131.0,68.0,106.0,96.0,79.0,80.0,68.0,79.0,79.0,60.0,111.0,161.0,545.0,719.0,534.0,407.0,409.0,97.0,77.0,171.0,94.0,89.0,92.0,87.0,83.0,85.0,285.0,428.0,5897.0,4171.0,2121.0,906.0,527.0,145.0,120.0,131.0,102.0,79.0,99.0,83.0,91.0,123.0,486.0,1945.0,3807.0,5952.0,3683.0,980.0,607.0,134.0,86.0,141.0,108.0,77.0,82.0,95.0,93.0,124.0,458.0,938.0,1658.0,2136.0,963.0,425.0,299.0,83.0,116.0,348.0,237.0,167.0,196.0,147.0,211.0,156.0,357.0,415.0,914.0,713.0,508.0,263.0,354.0,144.0,207.0,440.0
1778662926.481981,65.0,77.0,137.0,106.0,142.0,112.0,160.0,104.0,175.0,113.0,145.0,74.0,166.0,130.0,169.0,208.0,108.0,68.0,71.0,71.0,81.0,103.0,99.0,87.0,100.0,159.0,125.0,106.0,96.0,113.0,85.0,118.0,145.0,86.0,83.0,73.0,86.0,77.0,99.0,128.0,204.0,243.0,543.0,193.0,198.0,132.0,77.0,111.0,99.0,78.0,82.0,74.0,68.0,84.0,71.0,127.0,190.0,618.0,879.0,607.0,424.0,427.0,100.0,72.0,166.0,97.0,101.0,93.0,79.0,83.0,80.0,316.0,544.0,6595.0,4587.0,2241.0,928.0,536.0,138.0,107.0,127.0,110.0,72.0,88.0,83.0,97.0,104.0,498.0,1934.0,3694.0,5695.0,3484.0,937.0,592.0,144.0,81.0,150.0,105.0,83.0,81.0,87.0,87.0,125.0,439.0,839.0,1399.0,1777.0,853.0,390.0,293.0,88.0,122.0,361.0,235.0,164.0,200.0,145.0,206.0,148.0,340.0,373.0,833.0,636.0,463.0,256.0,349.0,136.0,199.0,441.0
1778662926.5069818,66.0,62.0,139.0,106.0,147.0,114.0,151.0,102.0,173.0,110.0,169.0,78.0,154.0,134.0,167.0,207.0,111.0,70.0,61.0,62.0,84.0,87.0,111.0,99.0,97.0,172.0,128.0,108.0,100.0,113.0,72.0,124.0,138.0,81.0,85.0,67.0,95.0,89.0,105.0,137.0,239.0,277.0,625.0,226.0,230.0,130.0,72.0,113.0,103.0,76.0,86.0,74.0,74.0,76.0,67.0,143.0,229.0,747.0,1068.0,699.0,479.0,454.0,97.0,85.0,155.0,89.0,82.0,91.0,87.0,88.0,83.0,357.0,680.0,7277.0,4976.0,2368.0,976.0,544.0,151.0,104.0,129.0,104.0,79.0,91.0,86.0,93.0,133.0,521.0,1929.0,3457.0,5356.0,3246.0,887.0,567.0,136.0,77.0,139.0,105.0,82.0,89.0,77.0,90.0,129.0,405.0,754.0,1175.0,1472.0,734.0,357.0,280.0,79.0,101.0,356.0,226.0,165.0,199.0,145.0,201.0,155.0,322.0,343.0,763.0,564.0,429.0,238.0,341.0,133.0,198.0,443.0
1778662926.531981,62.0,77.0,142.0,109.0,155.0,107.0,166.0,100.0,165.0,108.0,165.0,61.0,158.0,127.0,167.0,202.0,113.0,60.0,62.0,67.0,88.0,92.0,106.0,93.0,110.0,177.0,151.0,120.0,108.0,111.0,80.0,110.0,141.0,85.0,81.0,58.0,89.0,93.0,102.0,150.0,262.0,337.0,733.0,245.0,261.0,139.0,65.0,105.0,92.0,82.0,77.0,77.0,77.0,76.0,81.0,155.0,246.0,862.0,1285.0,801.0,511.0,484.0,107.0,73.0,162.0,86.0,94.0,94.0,79.0,94.0,77.0,383.0,807.0,7840.0,5293.0,2473.0,988.0,549.0,152.0,109.0,131.0,105.0,80.0,96.0,79.0,98.0,136.0,516.0,1849.0,3164.0,4915.0,2990.0,834.0,560.0,139.0,86.0,146.0,99.0,81.0,80.0,84.0,91.0,125.0,366.0,663.0,971.0,1229.0,648.0,319.0,263.0,83.0,108.0,361.0,233.0,168.0,195.0,146.0,204.0,146.0,315.0,301.0,717.0,501.0,387.0,223.0,337.0,127.0,202.0,443.0
1778662926.556985,64.0,75.0,146.0,102.0,154.0,115.0,159.0,95.0,167.0,111.0,149.0,74.0,156.0,131.0,168.0,205.0,119.0,78.0,69.0,71.0,82.0,90.0,97.0,95.0,112.0,190.0,162.0,129.0,109.0,104.0,80.0,125.0,141.0,86.0,79.0,64.0,94.0,85.0,100.0,157.0,311.0,385.0,863.0,280.0,281.0,144.0,66.0,104.0,101.0,72.0,90.0,78.0,74.0,78.0,72.0,164.0,301.0,1024.0,1552.0,904.0,548.0,504.0,106.0,80.0,162.0,85.0,95.0,89.0,88.0,83.0,87.0,420.0,959.0,8354.0,5555.0,2532.0,975.0,544.0,153.0,108.0,121.0,105.0,78.0,94.0,95.0,95.0,136.0,503.0,1778.0,2879.0,4381.0,2679.0,760.0,526.0,143.0,93.0,154.0,105.0,81.0,86.0,84.0,80.0,116.0,345.0,571.0,832.0,1014.0,557.0,288.0,258.0,88.0,117.0,357.0,242.0,152.0,204.0,154.0,211.0,141.0,282.0,272.0,652.0,464.0,373.0,201.0,327.0,129.0,203.0,442.0
1778662926.581982,76.0,68.0,137.0,111.0,145.0,117.0,157.0,100.0,168.0,107.0,153.0,78.0,161.0,130.0,172.0,193.0,120.0,73.0,60.0,66.0,85.0,99.0,106.0,101.0,120.0,199.0,162.0,140.0,110.0,120.0,78.0,128.0,134.0,77.0,83.0,71.0,83.0,87.0,108.0,168.0,338.0,449.0,1000.0,301.0,312.0,154.0,76.0,105.0,96.0,71.0,80.0,77.0,73.0,76.0,66.0,176.0,368.0,1194.0,1870.0,1044.0,593.0,518.0,117.0,77.0,161.0,81.0,91.0,89.0,82.0,84.0,90.0,445.0,1106.0,8803.0,5742.0,2554.0,974.0,544.0,150.0,102.0,127.0,102.0,88.0,95.0,90.0,98.0,126.0,494.0,1666.0,2577.0,3872.0,2390.0,700.0,507.0,128.0,97.0,144.0,112.0,87.0,83.0,85.0,87.0,120.0,311.0,514.0,707.0,867.0,509.0,269.0,243.0,81.0,121.0,354.0,247.0,157.0,198.0,143.0,201.0,142.0,270.0,249.0,635.0,428.0,362.0,190.0,320.0,126.0,199.0,442.0
1778662926.6069849,73.0,63.0,144.0,102.0,154.0,120.0,153.0,102.0,177.0,109.0,147.0,72.0,162.0,136.0,181.0,206.0,110.0,69.0,62.0,57.0,99.0,87.0,110.0,100.0,132.0,222.0,176.0,148.0,114.0,118.0,77.0,121.0,131.0,91.0,85.0,71.0,93.0,90.0,112.0,177.0,399.0,531.0,1128.0,339.0,341.0,156.0,83.0,112.0,91.0,85.0,81.0,68.0,76.0,78.0,71.0,190.0,408.0,1367.0,2143.0,1145.0,623.0,546.0,117.0,76.0,167.0,92.0,96.0,86.0,88.0,92.0,95.0,472.0,1196.0,9059.0,5815.0,2566.0,975.0,532.0,144.0,97.0,127.0,113.0,76.0,91.0,87.0,104.0,130.0,482.0,1562.0,2283.0,3424.0,2166.0,655.0,481.0,136.0,81.0,136.0,112.0,76.0,84.0,88.0,87.0,114.0,278.0,454.0,624.0,761.0,454.0,259.0,232.0,73.0,119.0,357.0,233.0,153.0,192.0,137.0,201.0,133.0,266.0,235.0,628.0,405.0,333.0,189.0,326.0,138.0,188.0,442.0
1778662926.631986,65.0,74.0,146.0,103.0,153.0,123.0,164.0,101.0,166.0,110.0,146.0,72.0,160.0,124.0,168.0,204.0,122.0,64.0,67.0,69.0,83.0,100.0,111.0,106.0,142.0,258.0,192.0,157.0,131.0,120.0,71.0,129.0,137.0,80.0,84.0,68.0,86.0,87.0,114.0,187.0,443.0,581.0,1237.0,360.0,360.0,173.0,75.0,111.0,97.0,84.0,85.0,72.0,72.0,71.0,73.0,209.0,467.0,1489.0,2390.0,1248.0,632.0,551.0,117.0,87.0,171.0,95.0,87.0,92.0,84.0,94.0,100.0,480.0,1223.0,9127.0,5837.0,2565.0,960.0,537.0,156.0,102.0,130.0,104.0,82.0,95.0,85.0,89.0,130.0,460.0,1432.0,2037.0,3028.0,1970.0,627.0,468.0,134.0,79.0,143.0,112.0,84.0,76.0,84.0,98.0,114.0,252.0,418.0,558.0,693.0,421.0,243.0,215.0,83.0,110.0,373.0,247.0,165.0,189.0,161.0,203.0,134.0,265.0,221.0,596.0,395.0,340.0,173.0,306.0,131.0,202.0,440.0
1778662926.656987,71.0,78.0,142.0,107.0,149.0,129.0,158.0,105.0,175.0,99.0,141.0,69.0,163.0,130.0,165.0,211.0,114.0,70.0,66.0,61.0,82.0,88.0,107.0,119.0,145.0,267.0,201.0,165.0,133.0,116.0,72.0,123.0,142.0,81.0,84.0,72.0,89.0,88.0,114.0,211.0,468.0,650.0,1322.0,385.0,367.0,184.0,80.0,105.0,94.0,88.0,85.0,75.0,78.0,82.0,66.0,219.0,495.0,1595.0,2582.0,1319.0,651.0,561.0,122.0,83.0,169.0,92.0,90.0,85.0,88.0,91.0,93.0,489.0,1232.0,9142.0,5811.0,2535.0,950.0,529.0,159.0,101.0,133.0,114.0,88.0,92.0,91.0,91.0,126.0,445.0,1345.0,1849.0,2737.0,1850.0,604.0,470.0,136.0,89.0,149.0,98.0,81.0,86.0,91.0,85.0,115.0,232.0,379.0,517.0,614.0,396.0,231.0,220.0,77.0,109.0,362.0,245.0,159.0,197.0,146.0,197.0,136.0,243.0,215.0,593.0,371.0,324.0,187.0,301.0,134.0,205.0,438.0
1778662926.681989,65.0,74.0,140.0,110.0,139.0,112.0,154.0,102.0,170.0,100.0,145.0,75.0,168.0,136.0,175.0,211.0,115.0,73.0,65.0,72.0,87.0,103.0,116.0,118.0,155.0,295.0,215.0,175.0,139.0,121.0,73.0,127.0,136.0,77.0,78.0,69.0,98.0,95.0,114.0,217.0,507.0,687.0,1398.0,394.0,387.0,180.0,84.0,112.0,98.0,78.0,77.0,77.0,80.0,77.0,69.0,218.0,515.0,1681.0,2762.0,1383.0,669.0,570.0,121.0,93.0,163.0,88.0,95.0,85.0,93.0,78.0,90.0,484.0,1242.0,9161.0,5802.0,2519.0,946.0,531.0,154.0,106.0,123.0,111.0,77.0,96.0,82.0,89.0,124.0,424.0,1283.0,1732.0,2564.0,1766.0,576.0,462.0,127.0,84.0,146.0,104.0,86.0,84.0,83.0,91.0,119.0,233.0,370.0,497.0,604.0,390.0,215.0,213.0,91.0,116.0,357.0,239.0,160.0,199.0,156.0,203.0,143.0,255.0,214.0,584.0,372.0,313.0,168.0,290.0,124.0,215.0,438.0
1778662926.70699,62.0,67.0,141.0,101.0,148.0,114.0,163.0,101.0,177.0,100.0,161.0,72.0,166.0,130.0,169.0,213.0,121.0,64.0,54.0,66.0,81.0,99.0,110.0,122.0,155.0,306.0,222.0,190.0,143.0,121.0,67.0,128.0,133.0,80.0,85.0,69.0,87.0,84.0,120.0,220.0,518.0,689.0,1445.0,405.0,388.0,197.0,82.0,100.0,94.0,75.0,85.0,74.0,72.0,84.0,87.0,244.0,527.0,1725.0,2848.0,1420.0,681.0,569.0,128.0,83.0,156.0,88.0,87.0,87.0,80.0,87.0,91.0,481.0,1228.0,9119.0,5767.0,2496.0,951.0,529.0,145.0,98.0,131.0,111.0,86.0,86.0,85.0,90.0,123.0,408.0,1230.0,1633.0,2454.0,1727.0,568.0,469.0,133.0,85.0,140.0,110.0,76.0,83.0,90.0,96.0,111.0,235.0,355.0,476.0,593.0,389.0,231.0,228.0,76.0,117.0,352.0,235.0,153.0,196.0,149.0,201.0,145.0,241.0,207.0,561.0,367.0,310.0,176.0,298.0,129.0,194.0,436.0
1778662926.731992,67.0,72.0,151.0,108.0,152.0,121.0,154.0,103.0,176.0,98.0,147.0,77.0,165.0,133.0,167.0,205.0,118.0,67.0,66.0,69.0,89.0,100.0,115.0,118.0,164.0,324.0,236.0,185.0,151.0,126.0,76.0,126.0,137.0,75.0,84.0,69.0,90.0,89.0,114.0,229.0,538.0,706.0,1492.0,411.0,399.0,199.0,79.0,103.0,96.0,81.0,83.0,68.0,82.0,80.0,76.0,219.0,533.0,1764.0,2921.0,1465.0,678.0,568.0,122.0,83.0,166.0,95.0,91.0,90.0,87.0,90.0,97.0,483.0,1218.0,9103.0,5781.0,2525.0,952.0,537.0,156.0,103.0,120.0,102.0,77.0,91.0,88.0,96.0,119.0,402.0,1196.0,1587.0,2415.0,1725.0,570.0,464.0,129.0,82.0,140.0,118.0,77.0,93.0,82.0,83.0,115.0,213.0,348.0,473.0,595.0,397.0,230.0,215.0,85.0,109.0,349.0,231.0,160.0,199.0,152.0,203.0,135.0,237.0,210.0,576.0,364.0,317.0,177.0,299.0,124.0,199.0,438.0
1778662926.7569919,72.0,65.0,139.0,110.0,151.0,112.0,153.0,93.0,173.0,119.0,158.0,70.0,154.0,123.0,175.0,213.0,110.0,69.0,70.0,59.0,89.0,98.0,118.0,118.0,172.0,318.0,226.0,185.0,149.0,122.0,78.0,127.0,127.0,72.0,92.0,73.0,88.0,86.0,116.0,224.0,546.0,700.0,1488.0,414.0,405.0,191.0,83.0,101.0,100.0,79.0,86.0,79.0,70.0,72.0,76.0,226.0,530.0,1770.0,2982.0,1493.0,683.0,581.0,130.0,83.0,177.0,87.0,87.0,91.0,79.0,95.0,93.0,461.0,1173.0,9067.0,5787.0,2571.0,980.0,535.0,156.0,110.0,130.0,110.0,79.0,99.0,80.0,94.0,114.0,381.0,1170.0,1557.0,2409.0,1759.0,572.0,468.0,126.0,79.0,138.0,113.0,73.0,92.0,86.0,87.0,107.0,206.0,354.0,481.0,579.0,397.0,226.0,217.0,82.0,117.0,360.0,244.0,148.0,201.0,151.0,204.0,142.0,227.0,207.0,577.0,373.0,304.0,169.0,301.0,124.0,202.0,438.0
1778662926.781993,67.0,66.0,140.0,102.0,155.0,113.0,157.0,95.0,181.0,111.0,153.0,75.0,159.0,131.0,167.0,215.0,116.0,69.0,62.0,72.0,81.0,87.0,111.0,122.0,170.0,350.0,232.0,207.0,154.0,126.0,65.0,120.0,150.0,95.0,80.0,68.0,86.0,87.0,111.0,219.0,534.0,710.0,1502.0,415.0,403.0,206.0,71.0,108.0,98.0,81.0,82.0,80.0,70.0,80.0,71.0,228.0,525.0,1764.0,2981.0,1529.0,694.0,576.0,126.0,84.0,170.0,91.0,87.0,86.0,78.0,83.0,92.0,461.0,1146.0,9034.0,5820.0,2628.0,995.0,532.0,160.0,109.0,129.0,94.0,73.0,92.0,79.0,91.0,127.0,379.0,1158.0,1535.0,2424.0,1800.0,607.0,477.0,129.0,78.0,146.0,115.0,81.0,77.0,80.0,86.0,112.0,204.0,352.0,474.0,608.0,400.0,236.0,222.0,77.0,123.0,356.0,242.0,144.0,186.0,140.0,194.0,134.0,233.0,201.0,583.0,354.0,321.0,172.0,291.0,127.0,205.0,439.0
1778662926.806995,69.0,64.0,137.0,101.0,153.0,117.0,162.0,107.0,179.0,130.0,150.0,76.0,165.0,127.0,171.0,196.0,111.0,60.0,63.0,63.0,76.0,91.0,122.0,123.0,174.0,326.0,244.0,204.0,158.0,131.0,76.0,120.0,128.0,80.0,79.0,64.0,81.0,80.0,114.0,228.0,544.0,702.0,1480.0,415.0,409.0,195.0,84.0,108.0,98.0,70.0,84.0,68.0,72.0,76.0,79.0,230.0,504.0,1729.0,2982.0,1526.0,697.0,574.0,125.0,76.0,169.0,94.0,89.0,87.0,80.0,91.0,90.0,451.0,1106.0,8962.0,5839.0,2676.0,1021.0,534.0,169.0,116.0,123.0,104.0,78.0,90.0,82.0,91.0,123.0,378.0,1149.0,1550.0,2440.0,1860.0,607.0,477.0,131.0,81.0,142.0,102.0,86.0,84.0,83.0,85.0,105.0,214.0,349.0,479.0,623.0,419.0,240.0,220.0,76.0,115.0,365.0,241.0,159.0,199.0,137.0,184.0,145.0,229.0,198.0,602.0,375.0,318.0,174.0,306.0,131.0,204.0,440.0
1778662926.831995,72.0,72.0,134.0,99.0,150.0,113.0,152.0,99.0,172.0,103.0,139.0,85.0,166.0,131.0,167.0,205.0,121.0,75.0,60.0,68.0,85.0,95.0,126.0,115.0,167.0,337.0,233.0,216.0,149.0,133.0,70.0,122.0,129.0,78.0,96.0,61.0,91.0,91.0,119.0,221.0,530.0,680.0,1481.0,410.0,412.0,205.0,81.0,102.0,98.0,78.0,89.0,75.0,71.0,74.0,72.0,222.0,489.0,1691.0,2948.0,1540.0,701.0,583.0,128.0,70.0,167.0,86.0,94.0,84.0,86.0,84.0,92.0,424.0,1009.0,8782.0,5824.0,2715.0,1033.0,552.0,152.0,109.0,123.0,106.0,79.0,100.0,92.0,95.0,123.0,355.0,1107.0,1485.0,2439.0,1868.0,628.0,475.0,127.0,77.0,145.0,111.0,83.0,83.0,84.0,93.0,113.0,189.0,344.0,484.0,627.0,417.0,231.0,221.0,72.0,124.0,349.0,232.0,159.0,200.0,159.0,207.0,129.0,239.0,200.0,596.0,374.0,315.0,167.0,308.0,133.0,201.0,436.0
1778662926.8569949,68.0,72.0,145.0,113.0,160.0,106.0,156.0,101.0,178.0,108.0,141.0,71.0,158.0,134.0,171.0,212.0,123.0,66.0,63.0,76.0,89.0,98.0,110.0,116.0,172.0,328.0,241.0,210.0,153.0,127.0,78.0,120.0,132.0,75.0,91.0,67.0,93.0,82.0,115.0,222.0,519.0,674.0,1450.0,415.0,410.0,208.0,85.0,108.0,97.0,83.0,91.0,73.0,72.0,84.0,72.0,206.0,460.0,1620.0,2935.0,1585.0,714.0,587.0,141.0,79.0,167.0,89.0,91.0,88.0,84.0,89.0,84.0,409.0,926.0,8609.0,5894.0,2845.0,1082.0,557.0,159.0,112.0,133.0,107.0,84.0,89.0,85.0,93.0,115.0,346.0,1077.0,1494.0,2498.0,1980.0,654.0,491.0,135.0,86.0,144.0,99.0,87.0,79.0,103.0,89.0,115.0,199.0,352.0,515.0,651.0,426.0,243.0,223.0,85.0,116.0,364.0,244.0,162.0,199.0,157.0,206.0,130.0,229.0,213.0,588.0,379.0,311.0,165.0,300.0,126.0,192.0,438.0
1778662926.8819969,60.0,76.0,137.0,111.0,158.0,120.0,160.0,104.0,169.0,107.0,145.0,68.0,159.0,131.0,167.0,205.0,116.0,58.0,68.0,72.0,85.0,98.0,112.0,111.0,171.0,328.0,250.0,214.0,160.0,126.0,72.0,122.0,135.0,86.0,77.0,62.0,100.0,81.0,116.0,210.0,486.0,644.0,1443.0,411.0,420.0,222.0,81.0,107.0,95.0,81.0,81.0,72.0,73.0,85.0,76.0,201.0,422.0,1547.0,2912.0,1630.0,741.0,592.0,134.0,76.0,168.0,88.0,87.0,89.0,84.0,82.0,91.0,388.0,822.0,8417.0,6009.0,3009.0,1165.0,586.0,158.0,115.0,118.0,105.0,72.0,86.0,81.0,92.0,113.0,330.0,1045.0,1468.0,2616.0,2153.0,694.0,508.0,137.0,85.0,136.0,95.0,83.0,82.0,86.0,85.0,118.0,204.0,357.0,506.0,678.0,458.0,258.0,231.0,77.0,123.0,367.0,232.0,163.0,192.0,138.0,202.0,128.0,230.0,207.0,604.0,398.0,329.0,175.0,308.0,128.0,214.0,440.0
1778662926.906998,66.0,68.0,141.0,105.0,143.0,121.0,162.0,108.0,179.0,107.0,159.0,86.0,156.0,128.0,176.0,214.0,121.0,58.0,60.0,66.0,78.0,96.0,119.0,102.0,166.0,335.0,244.0,213.0,163.0,128.0,74.0,123.0,129.0,75.0,86.0,68.0,93.0,90.0,118.0,208.0,476.0,618.0,1421.0,413.0,422.0,211.0,77.0,105.0,91.0,71.0,83.0,71.0,73.0,80.0,81.0,191.0,384.0,1411.0,2821.0,1646.0,763.0,599.0,134.0,76.0,173.0,87.0,87.0,96.0,80.0,76.0,85.0,373.0,701.0,8084.0,6029.0,3135.0,1220.0,600.0,173.0,113.0,127.0,111.0,89.0,92.0,85.0,94.0,113.0,322.0,996.0,1434.0,2714.0,2315.0,737.0,538.0,146.0,82.0,136.0,103.0,82.0,76.0,81.0,83.0,116.0,188.0,351.0,516.0,713.0,487.0,269.0,245.0,86.0,112.0,359.0,240.0,158.0,194.0,153.0,204.0,136.0,231.0,196.0,616.0,389.0,339.0,173.0,315.0,131.0,205.0,439.0
1778662926.931999,73.0,74.0,135.0,102.0,146.0,117.0,151.0,96.0,179.0,103.0,143.0,74.0,163.0,123.0,169.0,198.0,120.0,68.0,65.0,58.0,80.0,99.0,116.0,120.0,168.0,319.0,228.0,213.0,162.0,134.0,71.0,124.0,140.0,83.0,86.0,68.0,87.0,87.0,100.0,202.0,454.0,579.0,1369.0,414.0,430.0,223.0,87.0,113.0,91.0,77.0,79.0,67.0,72.0,82.0,68.0,172.0,340.0,1266.0,2717.0,1643.0,768.0,608.0,138.0,76.0,170.0,98.0,91.0,90.0,87.0,91.0,85.0,337.0,578.0,7581.0,6067.0,3265.0,1290.0,597.0,174.0,104.0,127.0,106.0,86.0,87.0,81.0,96.0,112.0,307.0,945.0,1360.0,2818.0,2472.0,776.0,544.0,144.0,80.0,139.0,108.0,78.0,82.0,85.0,91.0,109.0,194.0,349.0,516.0,757.0,502.0,281.0,237.0,84.0,109.0,371.0,232.0,157.0,202.0,146.0,207.0,134.0,224.0,219.0,626.0,407.0,354.0,171.0,307.0,131.0,202.0,434.0
1778662926.957,67.0,76.0,140.0,118.0,155.0,106.0,155.0,95.0,177.0,111.0,157.0,73.0,161.0,128.0,172.0,212.0,122.0,60.0,58.0,65.0,87.0,90.0,106.0,115.0,161.0,311.0,237.0,209.0,166.0,129.0,82.0,114.0,130.0,75.0,89.0,67.0,82.0,87.0,111.0,196.0,410.0,543.0,1330.0,405.0,432.0,212.0,86.0,108.0,99.0,79.0,77.0,75.0,72.0,76.0,67.0,165.0,285.0,1116.0,2595.0,1706.0,801.0,621.0,148.0,70.0,162.0,85.0,86.0,87.0,81.0,89.0,76.0,308.0,458.0,7027.0,6230.0,3528.0,1418.0,622.0,171.0,100.0,123.0,101.0,78.0,86.0,82.0,90.0,115.0,283.0,877.0,1311.0,2992.0,2780.0,868.0,567.0,156.0,91.0,155.0,111.0,78.0,91.0,82.0,89.0,118.0,178.0,343.0,530.0,795.0,526.0,302.0,256.0,78.0,113.0,356.0,237.0,158.0,204.0,141.0,198.0,148.0,230.0,200.0,608.0,405.0,349.0,184.0,307.0,126.0,203.0,434.0
1778662926.981999,70.0,76.0,142.0,111.0,150.0,119.0,160.0,106.0,181.0,111.0,135.0,74.0,162.0,131.0,166.0,204.0,125.0,68.0,65.0,68.0,83.0,97.0,110.0,110.0,147.0,297.0,230.0,212.0,163.0,133.0,70.0,122.0,144.0,87.0,85.0,71.0,85.0,85.0,108.0,181.0,374.0,495.0,1275.0,408.0,444.0,233.0,83.0,99.0,93.0,75.0,82.0,68.0,74.0,74.0,67.0,158.0,242.0,955.0,2458.0,1790.0,864.0,652.0,145.0,78.0,162.0,94.0,89.0,85.0,88.0,75.0,82.0,266.0,355.0,6251.0,6395.0,3902.0,1630.0,664.0,174.0,111.0,125.0,109.0,91.0,98.0,88.0,90.0,108.0,255.0,781.0,1224.0,3207.0,3226.0,1006.0,625.0,162.0,78.0,144.0,103.0,81.0,93.0,82.0,80.0,114.0,176.0,328.0,525.0,847.0,587.0,327.0,266.0,85.0,120.0,363.0,235.0,150.0,205.0,152.0,204.0,140.0,236.0,206.0,629.0,446.0,367.0,194.0,321.0,129.0,202.0,438.0
1778662927.007001,70.0,67.0,148.0,108.0,155.0,120.0,155.0,94.0,190.0,103.0,146.0,72.0,161.0,133.0,164.0,216.0,127.0,76.0,57.0,61.0,78.0,96.0,105.0,113.0,155.0,298.0,220.0,204.0,179.0,133.0,71.0,126.0,131.0,75.0,89.0,60.0,96.0,84.0,101.0,179.0,360.0,444.0,1217.0,420.0,464.0,238.0,79.0,114.0,107.0,82.0,83.0,72.0,69.0,76.0,71.0,149.0,205.0,811.0,2293.0,1879.0,943.0,692.0,153.0,76.0,169.0,97.0,93.0,89.0,87.0,75.0,75.0,241.0,273.0,5320.0,6465.0,4271.0,1895.0,721.0,198.0,109.0,134.0,109.0,76.0,91.0,88.0,82.0,105.0,237.0,675.0,1092.0,3351.0,3720.0,1163.0,677.0,175.0,90.0,146.0,110.0,89.0,91.0,93.0,85.0,109.0,180.0,315.0,506.0,880.0,634.0,358.0,282.0,88.0,112.0,355.0,246.0,160.0,193.0,138.0,204.0,137.0,221.0,214.0,610.0,442.0,379.0,196.0,327.0,133.0,206.0,440.0
1778662927.0319989,60.0,62.0,150.0,106.0,158.0,111.0,156.0,110.0,177.0,114.0,156.0,79.0,162.0,132.0,178.0,213.0,118.0,63.0,69.0,63.0,75.0,95.0,106.0,107.0,144.0,293.0,211.0,204.0,168.0,145.0,62.0,118.0,134.0,80.0,87.0,68.0,85.0,90.0,107.0,159.0,326.0,423.0,1161.0,412.0,460.0,261.0,89.0,108.0,96.0,73.0,82.0,67.0,74.0,79.0,75.0,136.0,176.0,694.0,2089.0,1885.0,994.0,725.0,159.0,78.0,160.0,92.0,91.0,85.0,84.0,81.0,83.0,211.0,214.0,4405.0,6387.0,4492.0,2125.0,762.0,208.0,107.0,129.0,112.0,77.0,104.0,79.0,77.0,101.0,217.0,571.0,979.0,3358.0,4111.0,1310.0,719.0,175.0,85.0,140.0,104.0,85.0,84.0,83.0,83.0,106.0,162.0,308.0,493.0,891.0,679.0,375.0,298.0,90.0,113.0,367.0,242.0,161.0,196.0,154.0,195.0,143.0,228.0,200.0,615.0,452.0,393.0,197.0,324.0,125.0,200.0,435.0
1778662927.0570018,77.0,75.0,139.0,107.0,156.0,118.0,161.0,106.0,172.0,104.0,153.0,81.0,159.0,136.0,174.0,210.0,123.0,64.0,69.0,72.0,83.0,96.0,109.0,112.0,141.0,279.0,221.0,203.0,168.0,145.0,69.0,127.0,133.0,73.0,87.0,69.0,94.0,83.0,100.0,160.0,304.0,382.0,1114.0,402.0,475.0,262.0,94.0,92.0,101.0,91.0,83.0,80.0,77.0,70.0,72.0,128.0,155.0,621.0,1906.0,1869.0,1024.0,750.0,169.0,85.0,164.0,89.0,89.0,87.0,88.0,87.0,83.0,190.0,183.0,3785.0,6219.0,4612.0,2287.0,804.0,210.0,118.0,136.0,118.0,72.0,94.0,75.0,82.0,100.0,196.0,500.0,881.0,3331.0,4365.0,1420.0,766.0,184.0,95.0,144.0,107.0,80.0,84.0,79.0,92.0,96.0,163.0,282.0,478.0,913.0,703.0,401.0,316.0,98.0,114.0,358.0,239.0,172.0,199.0,144.0,198.0,139.0,218.0,207.0,614.0,458.0,401.0,202.0,335.0,140.0,205.0,432.0
1778662927.082001,71.0,71.0,132.0,107.0,142.0,120.0,157.0,99.0,175.0,109.0,150.0,79.0,165.0,133.0,170.0,216.0,127.0,67.0,63.0,70.0,73.0,91.0,111.0,105.0,139.0,265.0,219.0,204.0,165.0,137.0,68.0,121.0,135.0,81.0,86.0,61.0,96.0,86.0,106.0,153.0,295.0,358.0,1052.0,392.0,476.0,270.0,95.0,107.0,105.0,82.0,90.0,73.0,76.0,76.0,66.0,122.0,141.0,559.0,1741.0,1820.0,1024.0,757.0,178.0,87.0,168.0,86.0,88.0,93.0,86.0,80.0,90.0,186.0,156.0,3306.0,6059.0,4639.0,2379.0,822.0,225.0,113.0,126.0,100.0,86.0,87.0,80.0,92.0,102.0,180.0,456.0,790.0,3264.0,4468.0,1457.0,792.0,201.0,82.0,152.0,112.0,83.0,82.0,95.0,89.0,105.0,153.0,278.0,460.0,904.0,712.0,402.0,313.0,93.0,120.0,357.0,239.0,149.0,187.0,151.0,205.0,132.0,220.0,204.0,614.0,467.0,401.0,202.0,345.0,137.0,197.0,423.0
1778662927.107003,67.0,68.0,146.0,110.0,154.0,106.0,147.0,102.0,187.0,105.0,148.0,78.0,161.0,134.0,175.0,209.0,117.0,73.0,52.0,72.0,73.0,100.0,118.0,108.0,145.0,265.0,222.0,197.0,171.0,137.0,80.0,121.0,130.0,84.0,82.0,66.0,92.0,82.0,106.0,145.0,280.0,358.0,1031.0,393.0,467.0,270.0,100.0,109.0,93.0,71.0,77.0,69.0,76.0,74.0,70.0,116.0,148.0,507.0,1674.0,1809.0,1053.0,772.0,180.0,87.0,161.0,90.0,89.0,80.0,84.0,90.0,82.0,176.0,149.0,3042.0,6026.0,4728.0,2508.0,847.0,228.0,112.0,128.0,107.0,77.0,86.0,82.0,94.0,95.0,178.0,447.0,763.0,3278.0,4653.0,1550.0,807.0,208.0,80.0,151.0,104.0,82.0,80.0,82.0,84.0,93.0,150.0,276.0,467.0,895.0,732.0,413.0,318.0,94.0,128.0,361.0,243.0,156.0,196.0,135.0,205.0,137.0,227.0,204.0,629.0,482.0,409.0,203.0,341.0,134.0,205.0,424.0
1778662927.132006,67.0,74.0,141.0,105.0,149.0,114.0,155.0,106.0,183.0,104.0,154.0,71.0,162.0,133.0,172.0,206.0,120.0,64.0,75.0,67.0,78.0,94.0,112.0,103.0,135.0,264.0,212.0,198.0,173.0,136.0,82.0,121.0,137.0,86.0,87.0,65.0,85.0,83.0,109.0,149.0,276.0,342.0,1014.0,386.0,481.0,274.0,95.0,105.0,91.0,73.0,84.0,69.0,75.0,76.0,70.0,115.0,139.0,497.0,1602.0,1812.0,1059.0,796.0,184.0,78.0,175.0,84.0,94.0,92.0,84.0,87.0,79.0,165.0,138.0,2825.0,5952.0,4828.0,2625.0,851.0,242.0,116.0,127.0,113.0,81.0,91.0,78.0,92.0,86.0,176.0,428.0,748.0,3262.0,4820.0,1616.0,832.0,209.0,84.0,134.0,109.0,83.0,76.0,93.0,84.0,98.0,140.0,262.0,459.0,904.0,757.0,434.0,333.0,104.0,123.0,353.0,238.0,148.0,182.0,140.0,207.0,133.0,222.0,203.0,623.0,471.0,420.0,201.0,340.0,137.0,205.0,425.0
1778662927.157521,63.0,77.0,145.0,114.0,147.0,120.0,152.0,101.0,185.0,89.0,148.0,76.0,149.0,122.0,169.0,202.0,120.0,70.0,69.0,73.0,83.0,95.0,107.0,104.0,134.0,248.0,205.0,195.0,169.0,149.0,71.0,111.0,129.0,101.0,86.0,71.0,95.0,78.0,103.0,147.0,265.0,345.0,983.0,401.0,473.0,280.0,90.0,106.0,102.0,84.0,92.0,76.0,86.0,76.0,68.0,114.0,130.0,505.0,1554.0,1797.0,1054.0,802.0,196.0,74.0,161.0,92.0,85.0,91.0,84.0,77.0,72.0,159.0,128.0,2785.0,5807.0,4857.0,2666.0,866.0,234.0,115.0,123.0,107.0,81.0,96.0,75.0,93.0,85.0,178.0,410.0,722.0,3215.0,4891.0,1656.0,852.0,214.0,94.0,149.0,122.0,81.0,90.0,89.0,90.0,96.0,144.0,266.0,436.0,897.0,761.0,438.0,337.0,102.0,122.0,362.0,240.0,154.0,194.0,148.0,202.0,132.0,232.0,198.0,615.0,461.0,409.0,213.0,343.0,147.0,196.0,423.0
1778662927.1825209,62.0,64.0,143.0,111.0,156.0,121.0,160.0,100.0,176.0,92.0,149.0,91.0,156.0,134.0,174.0,204.0,118.0,67.0,65.0,67.0,80.0,93.0,108.0,117.0,139.0,254.0,205.0,198.0,164.0,147.0,68.0,125.0,147.0,86.0,87.0,69.0,89.0,89.0,118.0,147.0,264.0,344.0,986.0,389.0,473.0,265.0,109.0,114.0,98.0,79.0,89.0,72.0,75.0,74.0,64.0,107.0,136.0,506.0,1588.0,1810.0,1065.0,778.0,197.0,85.0,173.0,90.0,89.0,89.0,87.0,84.0,76.0,163.0,144.0,2874.0,5845.0,4913.0,2660.0,862.0,238.0,113.0,131.0,105.0,84.0,101.0,84.0,95.0,96.0,167.0,427.0,755.0,3277.0,4984.0,1658.0,846.0,217.0,84.0,141.0,112.0,88.0,81.0,81.0,82.0,107.0,146.0,275.0,458.0,925.0,776.0,443.0,344.0,101.0,121.0,355.0,256.0,158.0,190.0,135.0,203.0,141.0,222.0,196.0,614.0,461.0,423.0,217.0,352.0,137.0,209.0,428.0
1778662927.207522,59.0,65.0,138.0,103.0,144.0,112.0,161.0,108.0,181.0,88.0,147.0,77.0,166.0,129.0,167.0,212.0,117.0,59.0,66.0,65.0,87.0,90.0,120.0,99.0,131.0,250.0,197.0,217.0,169.0,140.0,75.0,121.0,132.0,79.0,74.0,71.0,100.0,78.0,103.0,148.0,275.0,353.0,1000.0,399.0,477.0,282.0,96.0,104.0,96.0,78.0,79.0,75.0,74.0,69.0,64.0,118.0,143.0,525.0,1619.0,1807.0,1036.0,773.0,184.0,83.0,162.0,90.0,85.0,88.0,85.0,82.0,76.0,164.0,147.0,3041.0,5929.0,4923.0,2600.0,836.0,234.0,120.0,127.0,104.0,84.0,83.0,87.0,90.0,88.0,180.0,453.0,805.0,3386.0,5032.0,1629.0,839.0,217.0,80.0,141.0,108.0,78.0,82.0,85.0,76.0,98.0,148.0,281.0,470.0,946.0,782.0,433.0,341.0,99.0,112.0,352.0,229.0,159.0,191.0,141.0,195.0,141.0,212.0,208.0,614.0,484.0,436.0,215.0,357.0,132.0,201.0,430.0
1778662927.232523,70.0,69.0,136.0,107.0,156.0,124.0,154.0,110.0,176.0,91.0,155.0,71.0,162.0,135.0,172.0,212.0,114.0,77.0,61.0,77.0,91.0,99.0,110.0,106.0,134.0,254.0,195.0,199.0,163.0,145.0,76.0,129.0,141.0,76.0,80.0,72.0,90.0,91.0,101.0,143.0,276.0,358.0,1005.0,396.0,470.0,268.0,98.0,103.0,89.0,74.0,82.0,72.0,77.0,77.0,73.0,117.0,142.0,569.0,1687.0,1824.0,1012.0,741.0,179.0,81.0,164.0,87.0,88.0,82.0,97.0,85.0,80.0,172.0,160.0,3267.0,6021.0,4916.0,2517.0,808.0,235.0,116.0,126.0,108.0,79.0,88.0,88.0,97.0,94.0,185.0,487.0,871.0,3491.0,4998.0,1578.0,807.0,222.0,86.0,144.0,99.0,89.0,91.0,83.0,83.0,88.0,167.0,305.0,501.0,963.0,773.0,429.0,329.0,96.0,119.0,349.0,237.0,162.0,198.0,143.0,192.0,132.0,225.0,197.0,641.0,485.0,428.0,212.0,345.0,130.0,209.0,435.0
1778662927.2575228,73.0,74.0,145.0,105.0,144.0,113.0,157.0,109.0,173.0,96.0,149.0,73.0,160.0,134.0,171.0,217.0,115.0,70.0,63.0,72.0,83.0,93.0,112.0,103.0,130.0,251.0,208.0,193.0,169.0,149.0,69.0,120.0,136.0,82.0,96.0,73.0,91.0,95.0,100.0,152.0,277.0,368.0,1030.0,406.0,463.0,268.0,96.0,113.0,99.0,82.0,82.0,72.0,69.0,76.0,67.0,108.0,145.0,596.0,1757.0,1836.0,1001.0,730.0,180.0,76.0,167.0,85.0,90.0,88.0,91.0,84.0,84.0,181.0,165.0,3526.0,6132.0,4919.0,2428.0,786.0,228.0,114.0,139.0,101.0,90.0,91.0,87.0,87.0,91.0,180.0,521.0,906.0,3575.0,4918.0,1526.0,786.0,206.0,90.0,134.0,104.0,78.0,82.0,93.0,83.0,99.0,157.0,300.0,522.0,978.0,760.0,419.0,332.0,99.0,123.0,359.0,229.0,158.0,206.0,145.0,189.0,142.0,224.0,205.0,625.0,474.0,431.0,216.0,347.0,121.0,226.0,438.0
1778662927.2825239,68.0,74.0,145.0,101.0,150.0,113.0,156.0,105.0,175.0,97.0,146.0,76.0,155.0,128.0,170.0,211.0,118.0,78.0,71.0,65.0,90.0,99.0,114.0,103.0,131.0,264.0,202.0,210.0,180.0,148.0,76.0,123.0,133.0,85.0,90.0,68.0,89.0,90.0,99.0,155.0,291.0,382.0,1047.0,389.0,454.0,267.0,98.0,107.0,93.0,74.0,74.0,75.0,73.0,72.0,69.0,113.0,165.0,629.0,1840.0,1837.0,986.0,714.0,184.0,71.0,163.0,84.0,96.0,90.0,83.0,82.0,81.0,180.0,188.0,3776.0,6227.0,4897.0,2343.0,769.0,222.0,112.0,130.0,101.0,86.0,89.0,84.0,84.0,95.0,192.0,556.0,969.0,3608.0,4782.0,1473.0,760.0,209.0,97.0,145.0,108.0,85.0,84.0,84.0,89.0,106.0,152.0,318.0,522.0,985.0,756.0,417.0,324.0,104.0,121.0,354.0,251.0,152.0,186.0,142.0,202.0,135.0,225.0,195.0,645.0,479.0,424.0,216.0,348.0,133.0,201.0,441.0
1778662927.307525,68.0,76.0,144.0,107.0,151.0,119.0,157.0,102.0,186.0,93.0,143.0,78.0,154.0,130.0,170.0,204.0,126.0,65.0,64.0,71.0,85.0,98.0,115.0,99.0,142.0,262.0,194.0,206.0,175.0,151.0,79.0,123.0,135.0,87.0,89.0,74.0,97.0,82.0,103.0,154.0,292.0,389.0,1060.0,390.0,450.0,267.0,100.0,103.0,95.0,68.0,72.0,79.0,75.0,76.0,63.0,122.0,166.0,661.0,1911.0,1841.0,957.0,711.0,173.0,77.0,169.0,89.0,93.0,88.0,88.0,80.0,68.0,196.0,185.0,4060.0,6290.0,4865.0,2245.0,745.0,220.0,112.0,125.0,98.0,81.0,90.0,78.0,93.0,92.0,198.0,588.0,1038.0,3657.0,4679.0,1410.0,742.0,202.0,79.0,144.0,100.0,84.0,83.0,79.0,89.0,104.0,159.0,330.0,547.0,992.0,738.0,407.0,319.0,99.0,126.0,359.0,233.0,150.0,199.0,141.0,198.0,140.0,228.0,217.0,656.0,483.0,430.0,201.0,351.0,135.0,193.0,443.0
1778662927.332526,68.0,68.0,132.0,102.0,152.0,123.0,157.0,98.0,181.0,100.0,155.0,75.0,159.0,129.0,174.0,211.0,121.0,71.0,64.0,79.0,82.0,96.0,113.0,99.0,141.0,260.0,213.0,205.0,171.0,134.0,70.0,126.0,140.0,82.0,85.0,64.0,87.0,79.0,103.0,154.0,300.0,395.0,1065.0,393.0,444.0,257.0,101.0,105.0,97.0,80.0,76.0,76.0,62.0,67.0,76.0,122.0,168.0,694.0,1975.0,1821.0,931.0,688.0,168.0,86.0,171.0,89.0,89.0,88.0,91.0,87.0,77.0,195.0,201.0,4278.0,6339.0,4824.0,2150.0,724.0,213.0,118.0,123.0,103.0,84.0,95.0,86.0,87.0,98.0,207.0,619.0,1087.0,3684.0,4567.0,1362.0,724.0,200.0,88.0,141.0,105.0,85.0,91.0,81.0,87.0,112.0,170.0,323.0,559.0,997.0,726.0,397.0,326.0,102.0,115.0,346.0,227.0,153.0,184.0,141.0,203.0,131.0,218.0,223.0,654.0,478.0,417.0,210.0,347.0,127.0,196.0,443.0
1778662927.357527,64.0,68.0,140.0,105.0,150.0,118.0,150.0,106.0,172.0,98.0,144.0,66.0,158.0,133.0,176.0,211.0,114.0,72.0,64.0,73.0,76.0,93.0,115.0,100.0,132.0,267.0,211.0,203.0,173.0,142.0,87.0,127.0,133.0,86.0,81.0,72.0,94.0,85.0,101.0,152.0,304.0,408.0,1102.0,386.0,448.0,259.0,98.0,114.0,98.0,73.0,85.0,73.0,77.0,79.0,72.0,125.0,177.0,717.0,1989.0,1816.0,919.0,679.0,171.0,81.0,169.0,88.0,93.0,87.0,91.0,76.0,75.0,196.0,217.0,4461.0,6387.0,4785.0,2104.0,716.0,214.0,114.0,127.0,105.0,94.0,88.0,87.0,86.0,97.0,203.0,630.0,1121.0,3715.0,4527.0,1343.0,717.0,206.0,85.0,147.0,102.0,81.0,96.0,89.0,84.0,104.0,159.0,339.0,559.0,995.0,728.0,395.0,310.0,100.0,113.0,359.0,235.0,156.0,189.0,155.0,212.0,141.0,218.0,212.0,659.0,492.0,418.0,203.0,343.0,139.0,205.0,446.0
