Timestamp;X;Y;Z;Pitch;Yaw;Roll
0.0;35.93537794512605;0.8650285103437062;24.94373276128456;-38.93207588468229;160.17671829220836;39.36517715104834
0.025;36.032265495835915;0.8549092596334869;24.88915610735641;-39.21289290862023;160.3317374103815;39.69512525379091
0.05;36.231837218694174;0.8662905949124862;24.778513724926082;-39.94908305881453;160.7824335045558;40.10102644043538
0.07500000000000001;36.30915876701928;0.9730420978545635;24.653380669667822;-39.94854930576562;160.78351387217288;40.322053792345635
0.1;36.43228121052564;1.1443629263372999;24.46080380004901;-39.94651554062379;160.7837137632036;40.609570705264844
0.125;36.562465701973835;1.3100098700293432;24.270162252860597;-39.94425912976333;160.78413238596448;40.89597037662404
0.15000000000000002;36.71241163098884;1.4722916044538634;24.0711775868306;-39.942070785822736;160.7846978211285;41.22658560724494
0.17500000000000002;36.90856129940889;1.6604522793419083;23.827921921419186;-39.93979518958299;160.7848962026326;41.677044342016195
0.2;37.13416653007263;1.8894006556923;23.55097918766877;-39.936103071582906;160.78461738782198;42.19316540833547
0.225;37.31820589541956;2.067782244310935;23.331322910774333;-39.929585625956825;160.78448523808754;42.63012522809388
0.25;37.50535004905287;2.245185747094533;23.11157420576527;-39.921340477259704;160.78196748321196;43.154168853399845
0.275;37.69977202725112;2.407963831597576;22.89236261652994;-39.91510923369541;160.77499925851149;43.7386693151965
0.30000000000000004;37.88807789811097;2.5315728474945134;22.6928406037486;-39.913002474380676;160.76090739009035;44.30166889659735
0.325;38.0261934849663;2.6001884511508004;22.55247919687481;-39.910272326161994;160.7339350447831;44.693862916632646
0.35000000000000003;38.123442827916726;2.6146605338449;22.462134122590644;-39.90719282993635;160.64286254479228;45.03007103258816
0.375;38.190205087806845;2.6032979168909653;22.405287575707163;-39.90481221762602;160.5291584089185;45.286749245187465
0.4;38.23935596710475;2.5752942464548174;22.36795596309271;-39.90161926193481;160.3795001115618;45.5021967675921
0.42500000000000004;38.28241930516382;2.536967803371733;22.33831418196189;-39.89655326868278;160.21496281733508;45.702464429092856
0.45;38.31789627817554;2.4906207105477476;22.31771187742891;-39.89116745455827;160.1718678294152;45.82490589182097
0.47500000000000003;38.35455308797506;2.4391537997079045;22.29859275513927;-39.891053370322425;160.16370566638463;45.941147261098145
0.5;38.39873904082453;2.377025578311645;22.2764652708837;-39.892973656176956;160.1610820429499;46.058590036400695
0.525;38.43724468831584;2.3190564489254832;22.259337420435763;-39.89583639811488;160.1589665796317;46.15496046230826
0.55;38.460387527286166;2.2643208991105706;22.257237453300768;-39.90418513381893;160.15612989634073;46.221738274715946
0.5750000000000001;38.46496607656005;2.167883270514783;22.289239679400808;-39.93885210892954;160.15204991608294;46.28428368635697
0.6000000000000001;39.388889281616734;2.4340816546713095;23.189907456275474;-41.87886025320778;160.2236617751913;46.3849646473667
0.625;39.50236681528899;2.3217946829153076;23.371220458386023;-42.62558302698665;160.2494816433308;46.433329499170185
0.65;39.224944476515894;2.059504882072817;23.213856467809258;-42.5687919614691;160.24027416802534;46.45079758456256
0.675;39.17628228597667;1.9490974047447949;23.26964478724293;-42.565077149327216;160.22573768271735;46.47284083825841
0.7000000000000001;39.138239134817965;1.8594888422581464;23.310301979093087;-42.56184418535228;160.20508166423957;46.4945759676846
0.7250000000000001;39.208970739897886;1.7742759065879123;23.32155324710518;-42.745701933781795;160.2354524888508;46.55526645132298
0.75;39.23787753408493;1.7173784460966415;23.32325259720922;-42.797586840118456;160.24319714942908;46.61077260798966
0.775;39.264051810640424;1.6618523354402583;23.30774098770511;-42.78610603456108;160.24315256583643;46.70796736820962
0.8;39.30527697177545;1.58425736307079;23.2623279089443;-42.566512624460636;160.24595980203614;46.9473105577915
0.8250000000000001;39.34225745749919;1.465249825692492;23.163367786823688;-41.63007287214406;160.25284051159377;47.52652252652513
0.8500000000000001;39.549077988855665;1.4839131052031798;22.804244731705662;-39.96665869126396;160.35834454535885;48.78888709300118
0.875;39.96683498352271;1.5525211247582322;22.292544694244466;-38.96826935984191;161.1361624722836;50.213471419820536
0.9;40.45741503689335;1.614311607871391;21.800058771033658;-38.57960519472366;163.73168808150376;51.3103613931306
0.925;40.97490049968149;1.6644262550570417;21.37551118992504;-38.46614358064729;169.29789464784503;51.92510373280393
0.9500000000000001;41.57228285949831;1.7458746446180675;20.938815778531634;-38.06149641857056;178.37809254328693;52.280075662486084
0.9750000000000001;42.17885658278924;1.760372341201962;20.592928681146155;-36.03517587337964;179.69998791460836;52.667389046372875
1.0;42.46377864573031;1.6921559403542714;20.2740211082967;-31.938757147553765;180.0;52.98390907270304
1.0250000000000001;42.6222147337442;1.6394294410106454;20.110585988078412;-30.56671603540587;180.0;53.27412788338038
1.05;42.73958758776347;1.6242194965563486;20.07218157197591;-31.68237739773519;180.0;53.503996681901846
1.075;42.823505710972505;1.6195843101604543;20.04693773850234;-32.28315551669563;180.0;53.601891414083035
1.1;42.91186638201275;1.6046389954477682;20.05881024668797;-33.121795573476255;180.0;53.637737908440634
1.125;43.03028387488403;1.594908909521505;20.08984976354692;-33.68523299639543;180.0;53.67033098085022
1.1500000000000001;43.300709170033706;1.62281638336668;20.005812154674324;-33.908749721447336;180.0;53.80350846635335
1.175;43.592079630233044;1.6400564217606597;19.852577491846592;-31.645538078936312;180.0;53.98225902792582
1.2000000000000002;43.702897794435295;1.586447165279246;19.749583914713487;-25.86851728822032;180.0;54.08945306875474
1.225;43.699873732748046;1.5457592821034865;19.7109109556185;-27.310492847482102;180.0;54.091276084665495
1.25;43.672798152987866;1.5220388401147815;19.725062406000855;-28.10330265303543;180.0;54.091967944812225
1.2750000000000001;43.53346737044881;1.377087929119808;19.58389488002981;-27.050071241354477;180.0;54.09211071055215
1.3;43.34798642704903;1.193548110820015;19.398544590200835;-25.5584175722775;180.0;54.1445564722136
1.3250000000000002;43.14729801877044;1.079324198998107;19.20219007885559;-24.75383443960126;179.35953122415233;54.403408164228985
1.35;42.48590415606767;0.8743187868799583;18.01082104366442;-19.355879648249598;173.91688569771424;55.4718048034549
1.375;41.663190164491574;1.371063006498768;16.00222998217045;-8.073271834852964;166.07946613581547;56.54678716638076
1.4000000000000001;40.72088132167643;2.7474011162157814;14.711629948553314;-2.8996869780002177;149.34966479880032;57.19691753720002
1.425;39.2783199799182;4.075277123184325;14.803937595504305;-1.838542194450823;132.9008843126175;57.31064499388755
1.4500000000000002;38.462628957398294;3.60683966906411;14.99704099386119;-2.108127228109385;126.18272933078266;57.31101634662592
1.475;38.19091860379794;3.3435404319777535;15.058415133456693;-4.779598440844994;125.01594667175584;57.309714486935704
1.5;38.37581257936721;2.9102567765550216;15.430043155619735;-8.979435949004065;128.56909167641612;57.254473185764006
1.5250000000000001;39.73533235607784;1.529011874433129;17.172497506638724;-16.659557068325057;144.78167488673012;56.99222070450592
1.55;39.72739272827867;1.3367878961518733;17.254275494547368;-17.037443000245275;145.80474282907358;56.190984887291215
1.5750000000000002;39.58181618439336;1.1584047058171256;17.28674803170388;-17.143729380725148;146.12628993120725;55.27073438230224
1.6;39.43667620830601;0.9702632318156325;17.33638459136257;-17.953933843515948;147.48536394561705;54.27887992060738
1.625;39.364707010440384;0.8067021800550283;17.389769003029567;-19.550443734959323;150.5397011242644;53.28445735715828
1.6500000000000001;39.48116696822012;0.6716313988064551;17.490814191064693;-20.675500790711077;156.206002203583;52.496783118703554
1.675;39.640122186697;0.5712045748506511;17.564557337286534;-21.041542834443376;159.3144740281813;52.11336092681895
1.7000000000000002;39.74249459771618;0.5108523252462858;17.60059167085621;-21.164351664193912;160.66270139385702;51.876417789826384
1.725;39.777644671579935;0.48684482998320566;17.596642617622592;-21.167439614621298;160.74381172008768;51.758287462154605
1.75;39.789450298218206;0.4777937160697584;17.59162901651959;-21.165657153284204;160.74401299715464;51.705520798788754
1.7750000000000001;39.80368200845572;0.46778274962159805;17.58784653122906;-21.164587937248594;160.74041676712702;51.65699517065939
1.8;39.83207499198403;0.4487341108211468;17.580605277467974;-21.162983255921375;160.73769805703716;51.59453046945637
1.8250000000000002;39.85466033319769;0.4342245191745197;17.57532343966737;-21.15219801203459;160.73569852962063;51.55094238425364
1.85;39.872766059312504;0.4218029891626554;17.56664380348095;-20.891219515602007;160.39579310301758;51.49588419557226
1.875;39.87417284115212;0.42054438472541056;17.564396249679717;-19.72842016243254;158.32107387432677;51.41952525446798
1.9000000000000001;39.86296130476045;0.4225713135920618;17.544225965127524;-17.541443245261302;155.38909806359487;51.357187766830585
1.925;39.805912441902784;0.43658661635718843;17.44358488014272;-14.620258015934967;152.24119115389394;51.293126879002926
1.9500000000000002;39.67467758622224;0.47952499051843506;17.23049422525358;-12.22543796653974;149.05688627939145;51.21910181714154
1.975;39.51434995387697;0.5530543190341431;17.02455689681436;-10.681335348970583;147.21365303422792;51.080700109231316
2.0;39.30439210184755;0.6814541639206174;16.88121791489225;-9.197876074715479;144.94570261352416;50.70841597998105
2.025;39.13357990547173;0.8029104975204067;16.77877950432565;-7.80024350217678;144.1297483608712;50.430350372317854
2.0500000000000003;38.90665614343028;0.9870839527536596;16.650901628076728;-6.469845951550845;142.59131859064425;50.23371126877331
2.075;38.70888701343244;1.1760972061939516;16.595298537824178;-5.762870918032316;139.62810405516944;50.168598823921776
2.1;38.33174700707361;1.6093269830284858;16.670810259019976;-4.527291658447275;133.22700942311758;50.08374176744513
2.125;37.88803573637525;2.2014127740939657;16.775929310407033;-2.9443197355575608;127.42522744613318;50.003296206186384
2.15;37.42990428159145;2.9049505336570833;16.956454460869235;-1.976176021870503;121.61938374856845;49.886784852571914
2.1750000000000003;37.06535533099497;3.5169209691699597;17.084979438074285;-1.3656798117571416;117.02309060320384;49.8239323429891
2.2;36.74023874800401;4.118538975314004;17.309499129022843;-1.0150207511447566;108.28711746978638;49.8118386465044
2.225;36.51024060736329;4.57723719966071;17.474660997348465;-0.8253382768257338;104.72765881944676;49.81855393389841
2.25;36.20993633635736;5.287798908027234;17.60629827035461;-0.5592012000410684;91.56047597906215;51.85116524009754
2.275;36.02614426562727;5.773503578205283;18.200496381547282;-0.37654318674086956;77.94295998897621;53.386556663160256
2.3000000000000003;34.621384876070586;5.984442228194698;19.59950845185091;-0.13817066878897236;63.13099454266887;54.162778475342314
2.325;32.06768546331795;4.573048264535084;20.985272961812708;-0.029873762954260606;42.06147501655107;54.31140535464294
2.35;31.74374827114984;2.6555444711989473;22.1407138847753;0.013408192408693523;27.021597091385456;54.3254885131122
2.375;31.664948411978873;1.6344517457672614;21.96941724117322;0.0753115128125029;20.312999276751874;54.30428515190698
2.4000000000000004;31.607055465785603;1.1852749916429872;19.107665303863875;0.15018311708798776;16.453328345671263;54.255795176206476
2.4250000000000003;31.529183233946288;1.0252478937218175;18.11614579981296;0.17625044821194755;15.331499689181227;54.197290250319284
2.45;31.447613985101356;0.9491415050040541;17.846464070769446;0.1821266828143123;14.996017675111576;54.142007909233875
2.475;31.418215805494835;0.9359269126387808;17.858932023040634;0.18234196270101308;14.99051042711133;54.117905816455874
2.5;31.41056968809003;0.9357098681025625;17.873217003575625;0.18237812536900536;15.051071884801939;54.10264603900914
2.5250000000000004;31.406012000766623;0.9371961716629541;17.883548074287347;0.18233636486791713;15.146977362630272;54.06809514330637
2.5500000000000003;31.396385627610428;0.9356466480245409;17.89240842229344;0.18218185115641863;15.172414554217083;54.0232800573492
2.575;31.388739286584613;0.9346914930895892;17.90405292138333;0.18215675863627656;15.170551253173564;53.97195508408301
2.6;31.382187162299275;0.9374181188923075;17.927015443057986;0.1827657301740037;15.148807135373875;53.88299790431892
2.625;31.37575531732158;0.9418787417809326;17.800071357447226;0.18946741697357794;14.892463279297623;53.69616374086979
2.6500000000000004;31.365498933884865;0.9379262337123457;16.911249701550656;0.2015528546454724;13.890571143238798;53.344851299190196
2.6750000000000003;31.345535951399157;0.9045575522141724;15.318213322764311;0.21171124703929764;12.267225661835587;52.911066794271754
2.7;31.325118878211907;0.8546280639389562;14.299914030286239;0.22103840134463296;11.228305833863386;52.51932027089815
2.725;31.31879237045745;0.8105150420562302;13.879495917184927;0.24484658743856644;10.780593678937821;52.13689156265387
2.75;31.32535834175224;0.7817385745592288;13.746905019558648;0.28928148119272534;10.613918157124706;51.80517783077932
2.7750000000000004;31.324954616363456;0.739790846109294;13.44871786691222;0.3184993947007166;10.288916205297237;51.52619390729904
2.8000000000000003;31.293575043383477;0.6377636398177408;12.551125086034006;0.33407207910791464;9.36755120300276;51.14358579707993
2.825;31.262579190349623;0.5003999928087145;11.584390661315362;0.3594282495355502;8.374130577059782;50.620785222863965
2.85;31.254430491100983;0.35996928521729893;11.156803697515679;0.5613800499204927;7.860914656763667;49.82859735973726
2.875;31.06525598516125;0.2702027924855806;10.789379063377426;0.7726280053432453;7.388442539101782;49.29885719826677
2.9000000000000004;30.88716181178334;0.20102839792448604;10.035971434550124;0.927984705580927;6.538108105094735;48.92874133160978
2.9250000000000003;30.767288615892777;0.13578126393293344;8.98095574200784;1.0435156801531391;5.399407550885901;48.614078173507075
2.95;30.660538432813297;0.07170544543763167;7.972374456301705;1.1839788023693625;4.3116383586483975;48.28188814026056
2.975;30.488396779075845;0.028668832877088657;7.356679898190144;1.6081641737552113;3.577472200203111;47.82822003372659
3.0;30.287869971708854;0.0070389236543273725;6.86386065398758;2.3069800786274772;2.7662797910777512;47.30950540963531
3.0250000000000004;30.187599573761076;-0.0032342889210591635;6.753150089960226;2.850072167578784;1.9641133634933265;46.95699807522561
3.0500000000000003;30.19803567639246;-0.014922527069530171;6.8971334210776;3.195795166261292;1.2100348857841023;46.76313450656072
3.075;30.281021323865374;-0.041304241519515825;7.021190911152726;3.522779921320567;0.542233932034447;46.61989938729197
3.1;30.443747356371276;-0.0856412371846739;7.174476399991373;4.3892754416071975;0.1927260958454715;46.517488253924654
3.125;30.700220934166094;-0.2125419957778215;7.398661074099679;5.495831833965006;0.0447116156710337;46.29944032605538
3.1500000000000004;30.90324238540843;-0.3905995813552142;7.568894439060057;6.15075899596665;0.0;46.07696609719124
3.1750000000000003;31.009189911202924;-0.734427516627603;7.690731764115737;6.322612932033567;-0.27807592885982596;45.85481830437206
3.2;31.22056802750564;-1.1318806307015588;7.794883919027126;6.811528842716615;-1.097136556067128;45.55578601218813
3.225;31.390075043125112;-1.7747013265029097;7.927427538615232;8.164197638091412;-3.3883367609532176;44.98679722424681
3.25;31.470613249608746;-2.677261694179504;8.074679499009928;10.042754375468194;-7.395570637573725;44.22425833687846
3.2750000000000004;31.52707835077533;-3.6360690760333494;8.15187957625054;11.056498167127002;-12.617704433259636;43.6679710050185
3.3000000000000003;31.724124549007627;-4.323184667405336;8.176397304914543;11.920775748174819;-17.16326115062809;43.49632208445219
3.325;31.951154940983265;-4.875352511563005;8.191246776526334;13.429756038038303;-20.301127952268153;43.35667633607468
3.35;32.06175535675915;-5.532801021107448;8.177461374550699;15.376782063779736;-23.711011518405222;42.999721467470316
3.375;32.02183660446128;-6.208064613178349;8.158989341868232;17.08584983355094;-27.23809110520277;42.49966547548776
3.4000000000000004;31.90778787536859;-6.5528262324524436;8.195867161663653;17.516393450817727;-29.25428663316808;42.20830432851116
3.4250000000000003;31.8810388696043;-6.644155645935294;8.245172804305046;17.543898276791065;-29.489995799094512;42.169737841143
3.45;31.863312664661468;-6.680090104793943;8.292554918806172;17.561034933163075;-29.46887787355692;42.15081096537802
3.475;31.84403036055415;-6.6959350928811565;8.34928559840314;17.584181092693502;-29.22990336297808;42.131777260735646
3.5;31.69402637770862;-6.524828808386569;8.446311701868325;17.58203607803906;-25.610370797200723;42.128188780225216
3.5250000000000004;31.1528058121585;-5.845755086397022;8.646206511516086;16.96306095683363;-20.256734653027966;42.12814008775877
3.5500000000000003;30.2956233677553;-4.768728444078464;8.875257278114207;15.298003302864913;-13.58030210738363;42.13168454718472
3.575;29.27136446455469;-3.5093423872637652;9.044690344374526;12.403813277699717;-6.367613046768031;42.146953024963146
3.6;28.258720090074032;-2.3963197099387745;9.109708529920422;9.102017536981318;-2.64660952998101;42.22292990752949
3.625;26.84998006397723;-1.0544226930313034;9.098945251744249;5.854429521893966;-0.6261793448877329;42.8625060396528
3.6500000000000004;25.73766161526456;-0.21815517043826094;8.875843748090452;3.665377120765767;3.5291142752112927;44.22016837352126
3.6750000000000003;25.000443438781843;0.48773834314230247;8.264717347771066;2.2052497023729085;12.377812120400225;45.88009325716553
3.7;24.5914236292497;1.4107667960318087;7.233740638526466;1.0891419858042084;25.56154464162444;47.43552690353656
3.725;24.43462562509779;2.172916114721572;6.291826596714659;0.5749048399804944;31.840432964562034;48.708063752538315
3.75;24.46212723790154;3.0673996645058375;5.277850678741122;0.31083284893767754;37.159312145316086;50.59461335642474
3.7750000000000004;24.67010441144815;4.150154506462274;4.448553996939134;0.20985427438940213;42.85554506436739;52.33344851353717
3.8000000000000003;24.955481103949335;5.269925824269686;3.6627126385477218;0.17124684881671312;49.24873961176834;53.92564665642196
3.825;25.236814380538647;6.221571871086111;2.8035314853169977;0.12336121186310116;56.22329347631055;55.40107150643007
3.85;25.495149597865776;6.569594170711668;1.9761717892916717;0.04173975882140117;62.59968411457296;56.47901587125661
3.875;26.022095756999907;7.002728524306503;1.2023805705777748;0.010868037159342495;72.23699550118997;57.72902916686669
3.9000000000000004;26.723219605066173;7.4560286488257805;0.6113704126818943;-1.0467553694226434e-05;81.43512432124551;59.22872546225744
3.9250000000000003;27.494331745226308;7.614688308209742;0.22601644278573466;-0.019338873469648268;90.25624600895354;60.722378407502035
3.95;28.19008435859861;7.150975544761459;0.03221323882264052;-0.08884532999003818;98.99601911766409;61.82927418145221
3.975;28.646790799677564;6.285748412582511;0.004404465807059395;-0.281096135336688;104.52409885557245;62.29799056339612
4.0;29.246157264751627;5.27112367627869;-0.0075853644454623595;-0.5243013305746212;113.83100142495199;62.516409262635406
4.025;29.909235270909733;4.8147021854355;-0.026305288813335225;-0.6209853191460261;126.96043522307374;62.65470105337693
4.05;30.506153719472625;4.5096489341813735;-0.042138004092304004;-0.629420675772296;138.5013968630725;62.7337060929262
4.075;30.954880542083846;3.8242435769170275;-0.03939123264793811;-0.6909408498977203;144.37105413018065;62.744674449855644
4.1000000000000005;31.467092758054005;2.8578552136483943;-0.00950651250556802;-1.10530282399778;153.3980512277131;62.74862863798979
4.125;31.956340710359544;2.124694658798769;0.017778184807549422;-1.6679614386736374;166.1853716348892;62.745135857088236
4.15;33.5524936155657;2.160209347943413;0.23256637854266748;-1.600325617705455;175.52615336755798;62.7220581511399
4.175;35.19847716607888;3.3141708175626126;1.4328262963543437;-1.4555313737053934;180.0;62.70055854696111
4.2;35.6586550436777;5.56968464428052;3.7951736090322603;-1.8671501978306073;180.0;62.69592034968966
4.2250000000000005;34.98957488802019;7.221739996800846;4.156043690363967;-2.607668122822055;180.0;62.66941440729712
4.25;33.96388471002385;8.134022002361835;4.418091659314443;-4.541835308319376;180.0;61.58695440483356
4.275;32.99947035468828;10.641262073738657;4.818566005070836;-8.690778241513616;180.0;60.06718323255461
4.3;32.27630392672966;13.332986362765569;5.159645208626969;-12.348950158078525;180.0;58.48596409375372
4.325;31.79861715653453;14.536028883560064;5.225333898329822;-13.353956839838125;180.0;57.190032375378756
4.3500000000000005;31.040234114168154;15.742321633710333;5.19729880408181;-16.611925703407305;180.0;56.49213147086913
4.375;30.320334248328212;16.450300440194404;5.204499145852055;-18.871064614575776;180.0;55.1306283427798
4.4;29.777010034199886;17.476754991101824;5.220279101725855;-21.014584951433054;180.0;53.645885186534095
4.425;29.158759451264316;18.968258868091745;5.190390901690519;-24.065555235554225;180.0;52.32302106782955
4.45;28.294945320912166;20.797217559096673;5.081218147029767;-28.57029588947122;180.0;51.299050521507425
4.4750000000000005;27.74587038570597;22.270948044912274;4.985774507330796;-32.59814143598065;180.0;50.076864553298385
4.5;27.229920344955307;23.92868980405282;4.834439270782373;-35.86952649085193;180.0;48.74453461290483
4.525;26.650334113270006;25.389446747140852;4.6099490873683475;-38.48480896387358;180.0;47.224081230383746
4.55;25.99314207824784;27.131062925725896;4.223932876073816;-42.6323553468615;180.0;45.31804310841247
4.575;25.37441667155388;29.561983774000083;3.6723466608939415;-50.0406137177574;180.0;43.13867703562398
4.6000000000000005;25.11911884263364;32.88045190615425;3.026164381486532;-61.88587613467479;180.0;41.21544271770978
4.625;24.97864335273091;34.838218379765884;2.4769943585482386;-66.62082280631158;180.0;39.55628625754722
4.65;24.914063257742313;36.18958313722885;2.0278512081123847;-68.80473786837628;180.0;38.154559939375645
4.675;24.91221430276557;37.13835860971106;1.6854373030363077;-69.55251536518702;180.0;36.97327385317229
4.7;24.953281120889816;37.8041057741083;1.4467056359830053;-69.56728877713951;180.0;35.98815507372236
4.7250000000000005;24.94895577496811;38.23414080428745;1.2100697490336445;-69.5660236306852;180.0;35.03491792816785
4.75;24.899950968428776;38.650319012017206;0.9248596816368199;-69.56459622815387;180.0;33.87087421501972
4.775;24.86225907091558;38.965762886287514;0.6999773123145809;-69.563209625208;180.0;32.93999645981012
4.800000000000001;24.888211828367783;39.34371456312809;0.5145832366247283;-69.44408954733716;180.0;31.767346661525664
4.825;24.72538049652275;39.18299772737082;0.24129774235285237;-66.98888688888391;180.0;29.60733084186224
4.8500000000000005;24.5600916986526;38.76476056761397;0.04858781885437367;-64.03601125904807;180.0;27.261648475311627
4.875;24.49725134539214;38.324002984603695;-0.0047632399541934;-61.92638450057545;180.0;25.2537502576157
4.9;24.536453750253482;38.08548812746436;-0.02381641193195389;-61.584153694438385;180.0;23.81505834320296
4.925000000000001;24.688788019787665;38.25327691570501;-0.0767365758271029;-61.54517644021956;180.0;22.6404317498029
4.95;24.800543924314496;38.09577991609152;-0.14139591889008232;-61.182420931219774;180.0;21.690681126732933
4.9750000000000005;24.89418202702503;37.849283370344146;-0.2051923785602334;-60.5174338026664;180.0;20.803635233895253
5.0;24.9906909737841;37.645486400998514;-0.2593215483354502;-59.693989520901546;180.0;20.009449710005974
5.025;25.110506131365955;37.52320816663624;-0.2982409884126295;-59.011173464518016;180.0;19.506109054936346
5.050000000000001;25.23954489608072;37.41318623157667;-0.3292827760724709;-58.674425543056344;180.0;19.069486183500832
5.075;25.335903015541803;37.35119175806908;-0.34788368814473847;-58.1654889652698;180.0;18.82329045955848
5.1000000000000005;25.40911918916766;37.310547356952675;-0.35994428843247855;-57.64413086588418;180.0;18.656567280786916
5.125;25.472176364268268;37.30347750253517;-0.3713123552058049;-57.25403961955608;180.0;18.521872367954686
5.15;25.53896191390015;37.36616635096724;-0.38878227207793775;-57.10479414197126;180.0;18.403494843182937
5.175000000000001;25.600237214234266;37.58067676442565;-0.4203005010880204;-57.101592876140714;180.0;18.351610059776352
5.2;25.644277124503983;37.77339175266558;-0.44748155872671286;-57.09068804819773;180.0;18.325304425302466
5.2250000000000005;25.679075302379403;37.95617738023425;-0.47254187706372863;-57.0831275738514;180.0;18.311673718735353
5.25;25.714050744112228;38.17842883847694;-0.5020888909114307;-57.08281972277043;180.0;18.304819281004004
5.275;25.760797047192707;38.51231879062491;-0.5455366114817207;-57.08899156563266;180.0;18.300973316255455
5.300000000000001;25.807340692071346;38.84276096101326;-0.587086536176112;-57.16576705784733;180.0;18.299295011977826
5.325;25.835403911986464;39.0163899941506;-0.6051197946257717;-57.21822519890034;180.0;18.298552964036855
5.3500000000000005;25.86078765048743;39.15611898554575;-0.6100314384498166;-57.74884461896998;180.0;18.299958920695605
5.375;25.889581833406616;39.31420302921119;-0.6092499254270424;-58.97000383534962;180.0;18.309285930236204
5.4;25.919618451548644;39.48174045075728;-0.6065383112339257;-60.952502531179995;180.0;18.337949312416054
5.425000000000001;25.96230811809888;39.60561437995314;-0.5698982762227216;-62.70635568665812;180.0;18.755313996948868
5.45;26.068539231931783;39.7604335001022;-0.48874816929004594;-64.6489388802544;180.0;19.94532669567968
5.4750000000000005;26.180934593696662;39.861203538054006;-0.41544667793925716;-66.60764136312282;180.0;21.226703426137824
5.5;26.24066203126918;39.659019001326705;-0.3664178725202707;-68.05002948995146;180.0;22.1041563590553
5.525;26.194077657535807;38.79159126453356;-0.32449648207289616;-68.188628441363;180.0;22.298115413503293
5.550000000000001;26.12009871857886;37.093032752548794;-0.2627080745388958;-68.19846816862363;180.0;22.463168049272916
5.575;26.06776183890372;35.64240683248253;-0.2216756117501777;-68.20028202422846;180.0;22.713045374868347
5.6000000000000005;26.028755926782836;34.58409766372047;-0.19878761113542226;-68.20430218715323;180.0;23.00745997080044
5.625;25.985288903004147;33.93891108164391;-0.19092929476713882;-68.21381002059198;180.0;23.2668723734563
5.65;25.901489254395383;33.592661618160676;-0.19466176533200422;-68.23054188310437;180.0;23.3296489686681
5.675000000000001;25.61622884126947;32.1425353655526;-0.20566976331300008;-68.23027193015963;180.0;23.358822812738318
5.7;25.29245628736648;29.917015170603058;-0.22668399767396066;-67.90185440116853;180.0;23.39732011687035
5.7250000000000005;25.263341150118286;26.098389196565783;-0.2485704545752681;-63.11903442535712;180.0;23.56557296438327
5.75;25.465020177213113;22.15718023824183;-0.27360264661236766;-56.198163122057366;180.0;23.9578574456159
5.775;25.38856242614676;21.6591002352937;-0.3190197266231326;-56.235451532245165;180.0;24.611554186673644
5.800000000000001;25.25502853897222;17.22060955609625;-0.723828568632875;-54.453968671743006;180.0;25.930392208844253
5.825;24.842522065936993;14.172276997708739;-1.2722224891426441;-52.360260228320286;180.0;27.209357884681456
5.8500000000000005;23.92097353720403;11.599237613303682;-2.0735257777359744;-49.91446799906664;180.0;28.357665704470463
5.875;22.735259611587207;9.473589878344484;-2.9503399271678057;-47.28430270058533;179.6059346434214;29.253167215447107
5.9;21.933588229054756;8.487026323678514;-3.471830552655433;-44.946301803997365;177.840096553119;29.77438480294464
5.925000000000001;21.464573252188565;8.150232865225743;-3.584296707203789;-44.5135608524444;171.87426569376015;30.402051373583536
5.95;21.295744452159923;8.069256506137991;-3.5723577647028666;-44.52637966234825;164.5009003950027;31.319138582259683
5.9750000000000005;21.207707852992414;8.070320164065391;-3.5439144332274473;-44.99894745782669;159.3505359991802;32.19639374751542
6.0;21.134017494450827;8.090442921474974;-3.5269932521486917;-45.59187343739738;156.32699973911159;32.862872304148404
6.025;21.058276006824613;8.101309937641647;-3.5235462623072893;-45.790395134263335;154.00683502986325;33.17383854734073
6.050000000000001;20.987250855847016;8.091546156409683;-3.5322466179113734;-46.03131799006356;152.68747339153745;33.55507721014018
6.075;20.955492819532484;8.085160469290456;-3.5361795367264777;-46.49359281008312;151.8570874448176;33.89057703948206
6.1000000000000005;20.941403034120665;8.07909085267592;-3.539499215111375;-46.964191124200966;151.3994471910421;34.16926568244177
6.125;20.932827455553277;8.071798497072107;-3.54413289927966;-47.296067280133414;151.21865396829176;34.372688373977425
6.15;20.925260094861077;8.063635285913145;-3.549442363218178;-47.384275142491006;151.1734635214173;34.46956469522177
6.175000000000001;20.921479059652544;8.059033798755106;-3.5519106902813284;-47.7035744771584;151.15457996205006;34.61009476341151
6.2;20.906857880364115;8.041300803705125;-3.5626814825899;-47.809725439938994;151.12130065653463;34.68366358602405
6.2250000000000005;20.876466507106866;8.00497551454188;-3.5866998618856702;-47.8249727741828;151.09331271550903;34.734395913692246
6.25;20.833143106397458;7.953650926192626;-3.621868528238228;-47.82532420624858;151.0716781889607;34.786713372692184
6.275;20.78806501641958;7.9006320380661705;-3.658495944036761;-47.82438582300441;151.03704254795727;34.840670409232175
6.300000000000001;20.729781350356753;7.832439974892143;-3.705845855150929;-47.81982170990804;150.8479205655303;34.93682316374284
6.325;20.633480503604;7.720592348248403;-3.7847005902381503;-47.75146112121286;150.41205380354396;35.07759818896521
6.3500000000000005;20.533166919293922;7.606251533078027;-3.866303204285739;-47.62833029414864;149.8484884356325;35.230157431002326
6.375;20.452257528244367;7.5159291433554944;-3.931644125401734;-47.48071390614936;149.35740218766443;35.36636057420527
6.4;20.401189749862503;7.459655066878461;-3.9730448416114337;-47.344236917451354;149.14562956118476;35.468153827573445
6.425000000000001;20.361426859910733;7.4169467013217325;-4.005430511301544;-47.27006896675203;149.04089558264158;35.626150349345814
6.45;20.324059191516042;7.377620291145148;-4.0358659527344045;-47.19532242155914;148.8253346974604;35.77203013652744
6.4750000000000005;20.26917865741178;7.321087569439792;-4.080231653319469;-47.043271310301144;148.3732101421211;35.904175512104224
6.5;20.211451049343054;7.262814817832293;-4.126949214191192;-46.86140573793428;147.88344163866378;36.01763158463264
6.525;20.18080922349343;7.234251184753146;-4.15231870443651;-46.75261822857943;147.68478800374655;36.105945132084194
6.550000000000001;20.15670490739986;7.213619411792193;-4.172940816348929;-46.683632545413985;147.55114671936883;36.20226989191876
6.575;20.13551436363967;7.196779034706604;-4.192003200723887;-46.611171804217584;147.51171303324148;36.27908864437757
6.6000000000000005;20.118324290886992;7.183000758182757;-4.207604273859077;-46.55812846964184;147.49278237354605;36.349512189022434
6.625;20.106983695921247;7.174104386008077;-4.218237280872147;-46.53176164899994;147.47480696755318;36.416794322723646
6.65;20.10188675032565;7.171618500137329;-4.2241836867007185;-46.52541663717252;147.4646996939131;36.481770423002494
6.675000000000001;15.736006863820663;5.612537227430426;-3.3156463149119544;-36.42554054754151;115.47614323929051;28.62584844528857
6.7;-1.4092040844286481e-05;5.3623284948415725e-05;0.00041793311405442134;-2.903183124855689e-10;0.0;0.0
6.7250000000000005;-1.4205122201971737e-05;5.29564710364813e-05;0.000415050403254844;-3.4430464511556227e-09;0.0;0.0
6.75;-1.5094211275900915e-05;5.2078988917207595e-05;0.00041081510265152365;-3.989186818702281e-08;0.0;0.0
6.775;-1.606067399870651e-05;5.1235573600168814e-05;0.00040688117498743665;-1.0500794538315252e-07;0.0;0.0
6.800000000000001;-1.7538242781280205e-05;5.0354048324373575e-05;0.0004035766167071358;-2.1711104308439274e-07;0.0;0.0
6.825;-2.0241150275652014e-05;4.952986315336988e-05;0.00040104811316116505;-3.6068061442220545e-07;0.0;0.0
6.8500000000000005;-2.5365780493338276e-05;4.952111826758056e-05;0.00039968994193373;-4.306544405725143e-07;0.0;0.0
6.875;-2.9089842929024465e-05;4.913693308335944e-05;0.0003959679563870507;-6.36423822374634e-07;0.0;0.0
6.9;-4.9650044138412943e-05;4.845258266330937e-05;0.00039098049404114385;-1.0854019590373828e-06;0.0;0.0
6.925000000000001;-8.165460591065089e-05;4.7645734102523984e-05;0.00038528741569002884;-1.6696622731586975e-06;0.0;0.0
6.95;-0.00013445995538347233;4.680000723946934e-05;0.00037935826761445143;-2.42368226515417e-06;0.0;0.0
6.9750000000000005;-0.0001952907862482264;4.578516181291332e-05;0.0003729097465944286;-3.5963364924122188e-06;0.0;0.0
7.0;-0.00028266592557307573;4.450512000530747e-05;0.0003653229212806729;-7.1660109089547246e-06;0.0;0.0
7.025;-0.0004492698897162691;4.2825450910184636e-05;0.0003556403783949919;-1.930684750647088e-05;0.0;0.0
7.050000000000001;-0.0007803797719694056;4.011717973151915e-05;0.00034069739556627114;-7.493835134822773e-05;0.0;0.0
7.075;-0.0013006763180952148;3.749811260488501e-05;0.0003278937970209237;-0.0001595545135445661;0.0;0.0
7.1000000000000005;-0.0017317514764804334;3.439798517372688e-05;0.00031533608966574894;-0.0002771920296239208;0.0;0.0
7.125;-0.001988127508995626;3.1249479052475516e-05;0.0003037977664333712;-0.0003928742957222972;0.0;0.0
7.15;-0.002086314086219853;2.875454445749459e-05;0.00029447982528734736;-0.0004615999636479502;0.0;0.0
7.175000000000001;-0.0022352356235324886;2.293147265775682e-05;0.0002766267399142942;-0.0007021404347093929;0.0;0.0
7.2;-0.0023825325957492383;1.986186960483971e-05;0.0002630644979366525;-0.0008733790086509747;0.0;0.0
7.2250000000000005;-0.002447252298732926;1.8048540322113627e-05;0.00025297276631696097;-0.0009603985717742847;0.0;0.0
7.25;-0.0023968245957023955;1.685322528725745e-05;0.00024537946194937035;-0.0009916486266445146;-0.01637306761052778;0.0
7.275;-0.0021040440073845394;1.5880470883162236e-05;0.00023733027915840498;-0.0010132189928989102;-0.11769171883472934;0.0
7.300000000000001;-0.00015237633055518052;1.466194259858016e-05;0.00020583679993298372;-0.0010431483397016152;-0.8866314893465852;0.0
7.325;0.06779977110646172;1.6564102287324565e-05;-0.00015968221750139254;-0.0009114641005283273;-6.431301816972257;0.0
7.3500000000000005;0.2501155346290983;0.00026274164004637786;-0.005351253652250591;0.007234780827672282;-13.56198042947155;0.0
7.375;0.44408088737565055;0.0006489270358696977;-0.012605590535506549;0.01866525239790881;-19.41623739960556;0.0
7.4;0.5022165500644986;0.0009445615836766737;-0.016688330219611167;0.024429646018770616;-21.459158480908624;0.0
7.425000000000001;0.502911315939315;0.0009970781983060439;-0.017131864477075907;0.024881932038015;-21.544246476026178;0.0
7.45;0.4934807584454107;0.0009915887732113743;-0.022393199870556203;0.024061686099331764;-23.149295493703377;0.0
7.4750000000000005;0.4694284841881209;0.0008320391309970315;-0.03808176303707755;0.01738991695893935;-25.69037754055818;0.0
7.5;0.44516197545819364;0.00040190757005996794;-0.06175306187766415;0.009208420044440214;-28.48413327966239;0.0
7.525;0.4150599251371439;-0.0007539145002974503;-0.10631563313807021;0.0011872212953834265;-32.868028818564525;0.0
7.550000000000001;0.36345158845870035;-0.012596026596440746;-0.2363080951173845;-0.03442175163560461;-40.53942839058487;0.0
7.575;0.2700687267761199;-0.061781201311410724;-0.5417877792383479;-0.19166117689228787;-49.23150930656423;0.0
7.6000000000000005;0.19300423223757657;-0.11875913454568955;-0.7962150100269668;-0.3586197155426011;-54.27311850592659;0.0
7.625;0.13255956300145186;-0.18132677090593183;-0.9862195993125227;-0.5438681153212107;-57.16285956226378;0.0
7.65;0.07270617762845578;-0.2966597420606732;-1.191938154505199;-1.0345403351630238;-59.5598077671548;0.0
7.675000000000001;0.03366249587255424;-0.40534515528034876;-1.3533209920420801;-1.8157304384093753;-61.2380476991562;0.0
7.7;0.011299517642640616;-0.5079859705081617;-1.5351238759471963;-2.7059208534488377;-63.790009125399166;0.0
7.7250000000000005;0.0009410484716060926;-0.6416972317391251;-2.0825755390496097;-4.514722460998306;-70.08535616505682;0.0
7.75;-0.01846359245715331;-0.7647640691550152;-2.760481078500924;-6.4719091355380725;-76.37928027848433;0.0
7.775;-0.04362408579821439;-0.8812667420227712;-3.323336704652593;-8.051630443920693;-81.47082054124725;0.0
7.800000000000001;-0.07109594466287705;-0.9700581275005119;-3.722588441144178;-8.9716519342432;-85.54893657191442;0.0
7.825;-0.09505471737350674;-1.028881311324799;-4.005808121153286;-9.578757895580567;-89.27363907540736;0.0
7.8500000000000005;-0.13338866590033005;-1.0941724524505883;-4.246638967506065;-10.528968141100004;-93.04930531884075;0.0
7.875;-0.19978265993586242;-1.1738999785807427;-4.51421478779214;-12.030112686739816;-97.1659023540709;0.0
7.9;-0.2976191441034367;-1.2378433903256125;-4.891511715137308;-13.619917801025043;-101.52902386999382;0.0
7.925000000000001;-0.3974026149782742;-1.2770788164824587;-5.174270427481905;-14.678626181123184;-105.71045970963027;0.0
7.95;-0.4876766538435815;-1.3018870702473309;-5.404730536434721;-15.36509049177785;-109.75789645402048;0.0
7.9750000000000005;-0.5720504526046806;-1.3216875520926732;-5.605739956046011;-15.726540426960398;-114.29985858483228;0.0
8.0;-0.6613285323589635;-1.3412984997311488;-5.813468564660239;-15.836555327083683;-119.71191854755375;0.0
8.025;-0.7916064161995717;-1.3483115760628237;-6.126794373959555;-15.843007650786838;-125.47378647609675;0.0
8.05;-0.9060059199822909;-1.3473842052021372;-6.34402003119354;-15.843711296948491;-129.7331778727198;0.0
8.075000000000001;-0.989264447649273;-1.3437791323536727;-6.465746016636579;-15.844571511089935;-133.03805893044134;0.0
8.1;-1.0880839655830485;-1.3383189610004382;-6.585375714495654;-15.73947291707792;-136.75396110792235;0.0
8.125;-1.2986317022222116;-1.319494396132393;-6.81328460345949;-15.324271878844847;-142.45639586398255;0.0
8.15;-1.8608219168060582;-1.2410052937490836;-7.312105140622797;-14.09146318912015;-152.63579909612343;0.0
8.175;-2.2301362837625383;-1.1694633247125068;-7.46741909090882;-13.841968659389892;-160.55244606868155;0.0
8.200000000000001;-2.57920616085218;-1.1059298003037017;-7.466548976005526;-13.780719902479833;-167.11077397809433;0.0
8.225;-2.923620554709373;-1.034709038358985;-7.310928495685628;-13.77814354099154;-171.4296081455297;0.0
8.25;-3.122119405581574;-0.9698784753801841;-7.19727401976857;-13.774544412676507;-173.78679543157116;0.0
8.275;-3.269656200179066;-0.9032041173783876;-7.0960643037732725;-13.769622967201139;-177.09854947789887;0.0
8.3;-3.423532237772331;-0.8427225543328233;-6.981472988751129;-13.75872069471052;-179.78633843210127;0.0
8.325000000000001;-3.6180426189160695;-0.7756724213875584;-6.81706125140494;-13.662631739278881;-180.0;0.0
8.35;-3.74416591359122;-0.7291644953453544;-6.742201188672894;-13.015618560042826;-180.0;0.0
8.375;-3.8184506280962283;-0.6946439845095218;-6.699715004092195;-12.198301402198899;-180.0;0.0
8.4;-3.838495784741132;-0.6721121274694216;-6.624217918876039;-11.93089228240249;-180.0;0.0
8.425;-3.8117644661403594;-0.6538421582323274;-6.513690306608324;-11.919405724437148;-180.0;0.0
8.450000000000001;-3.7900878044104447;-0.6417856026003049;-6.438453183985273;-11.901007240374817;-180.0;0.0
8.475;-3.7695729407264116;-0.630988982691639;-6.370854173635804;-11.85633230285074;-180.0;0.0
8.5;-3.756615933455517;-0.6248610279729797;-6.331988278105215;-11.788116909731;-180.0;0.0
8.525;-3.742185393698937;-0.6185214136633084;-6.290646955134935;-11.751184189253186;-180.0;0.0
8.55;-3.7131776746194034;-0.612778129063815;-6.256560275186085;-11.747466669886936;-180.0;0.0
8.575000000000001;-3.5672722032314867;-0.610787977212841;-6.277064630183422;-11.747105211943833;-180.0;0.0
8.6;-2.7146276209435958;-0.6117992962256792;-6.288255009647717;-11.78012592109531;-176.72262447554868;0.0
8.625;-1.6980501176937939;-0.614590253009538;-5.980042604604005;-12.031816117089827;-161.67998530369715;0.0
8.65;-0.6017588017197986;-0.6863159561666566;-4.770523068844849;-13.070473906986173;-124.87750679632074;0.0
8.675;-0.002062638061191161;-1.0492749071241996;-2.602837432881636;-13.21756002226396;-87.50143237803942;0.0
8.700000000000001;-0.023082028500766877;-0.9881558528183938;-0.6499217344017353;-12.272438273304884;-63.149055342862255;0.0
8.725;-0.22295415335356658;-0.7296967256789392;0.07678351634405033;-10.924638724656589;-38.20642224219837;0.043270448915232906
8.75;-0.508626767634434;-0.5674535028257998;0.269968564028367;-10.790846873757989;-27.97591387083098;0.20794091895439532
8.775;-1.1664032792755519;-0.31029430048902423;0.6402509301440806;-10.232031402456975;-17.862797042645575;0.6269041440512193
8.8;-2.6225938777950164;-0.07184372812691667;0.3331173888002878;-5.650591940213357;-8.19791805987277;1.7590686260386108
8.825000000000001;-4.145388086786735;0.27165874996905154;0.04693021765707257;-2.2152181085043354;-1.8960463403693655;3.418161160980308
8.85;-5.187920400823509;0.6479604182679637;-0.03834499133340618;-1.014892088318053;-0.14468403074504915;4.948910740027787
8.875;-5.740020735396745;1.0819198075983834;-0.06330547206675956;-0.7093318044635066;-0.0046249539250202585;5.994426029545215
8.9;-6.399700399335611;1.990594446809014;-0.11916716686823747;-0.1985802586361538;-0.0002109538769273795;7.058533699003658
8.925;-7.435842399905549;3.888791821145839;-0.07609911436048108;-0.00980697054622423;1.415072294356367;8.790712149196652
8.950000000000001;-8.32801744218169;5.453870624274609;-0.05686880180492661;0.12772560023720192;4.126485648006107;10.231791643284087
8.975;-9.052271219122977;6.450463067787704;-0.057746635875804704;0.20170457412840548;7.274785079288776;11.294132391302409
9.0;-9.67240625636614;6.907791009226085;-0.07611386475939994;0.20843139635156185;11.024672354812223;12.03639393352457
9.025;-10.472954777309154;7.448053068470431;-0.12317162122602449;0.20846722491932546;18.110909652778233;12.85530147874328
9.05;-10.976827120231583;8.148014681131453;-0.3494134367428787;0.20873483258485948;30.20492295148516;13.112284431930673
9.075000000000001;-10.864799520327471;8.377574066576342;-0.8954538219589091;0.20908734611646346;42.02500140521969;13.191183080860235
9.1;-10.400156730406541;8.262853967286873;-1.5098317642042185;0.20629689642084534;51.812316151645284;13.20260352025219
9.125;-9.581646561583907;8.000245367090738;-2.0824441375190665;0.1827134677327597;60.336871882177604;13.041345183298764
9.15;-7.8488537212372425;7.811589258136023;-2.792860612379777;0.09237605139824383;72.20586856183185;12.264675773920782
9.175;-7.518180241979787;7.243611894038371;-3.1143887015528176;0.08626944246236506;82.96303968343335;10.474729667473145
9.200000000000001;-6.974514088852324;6.067479704039014;-3.214584758509241;0.08314222800010942;89.26271559517659;8.185455817966448
9.225;-6.360244869901293;4.971398383747027;-3.204170364587166;0.07922761205097532;94.64750194557516;6.151794726104431
9.25;-5.870626805941771;4.4478548145909675;-3.133512302224068;0.07706196879726122;101.34694898319786;4.895594063770537
9.275;-5.569243807981784;4.2678294741715135;-3.050128822835524;0.07982624608161679;108.10176454015286;4.065322292294574
9.3;-5.476660999306705;4.148026026557751;-3.0171089648654443;0.13867570552919994;110.8782106731974;3.118487362678735
9.325000000000001;-5.38086371543536;3.995867302916903;-2.9730686874643184;0.2155785858258313;114.37645224545182;2.3889914140585167
9.35;-5.300696202791201;3.890836019535065;-2.932372465765212;0.4329555597574409;118.29779121507799;1.876007423345055
9.375;-5.262321949449371;3.877506005573703;-2.9077008591874494;0.8354319134711056;121.97131344212374;1.5363045655781653
9.4;-5.250544912148144;3.875731124214436;-2.891842718664118;1.2041555745883321;124.71618281439589;1.222641126993286
9.425;-5.252482709224159;3.874379164799965;-2.8657529810598614;2.1496338609689114;128.21813004791113;0.8806412406938797
9.450000000000001;-5.269825710769586;3.8737607604394437;-2.832206733450756;3.1657016302303482;131.34169090744746;0.6223211097698191
9.475;-5.281980788166342;3.871227805184134;-2.788969492004176;3.913174673732116;134.57837155851763;0.4367514805162647
9.5;-5.271882635801776;3.8643601482229295;-2.733900410568993;4.196582744222437;138.21329583883775;0.29520364723476555
9.525;-5.256419331955311;3.853441416877854;-2.666457359009138;4.350223097126903;139.95518392914485;0.1929698641355279
9.55;-5.229550718712118;3.8291510405214177;-2.568272575295015;4.6266745564223095;143.00761545947793;0.1101850556223174
9.575000000000001;-5.198003936168333;3.7806487035847796;-2.4676851997927107;4.895047285777556;145.63386939690685;0.052898079657401606
9.600000000000001;-5.194092995069923;3.624496243489207;-2.355559506992048;5.056220976421553;147.23154017865258;0.018197612548586827
9.625;-5.2324220429659425;3.33802102144044;-2.229650337157465;5.0838283382421;148.21526966097053;0.0
9.65;-5.217096615176437;3.245598328981727;-2.160727680732358;5.2431688539737875;152.3262919000711;0.0
9.675;-5.173257379564166;3.197013403813687;-2.068919248202537;5.822859310063397;157.1082833763903;0.0
9.700000000000001;-5.122130474003991;3.0929883391963777;-1.9597040495332563;6.102100117616722;159.5153025913009;0.0
9.725000000000001;-5.064322700214611;2.9506116620945235;-1.8292323623626516;6.153498603125886;161.00582516855073;0.0
9.75;-5.007363158771628;2.821784752439223;-1.6955853986440657;6.1786331535762145;163.13132111497973;0.0
9.775;-4.98647366388667;2.784426891498143;-1.6416711483811264;6.277613159034205;164.48190906576224;0.0
9.8;-4.967432545635111;2.724033360412563;-1.5902232976619466;6.367667676548142;165.0453481026313;0.0
9.825000000000001;-4.951684672869822;2.654070373904917;-1.5466590326654133;6.405995701554532;165.2329828784276;0.0
9.850000000000001;-4.944097653564056;2.58674258486224;-1.5146249657409714;6.409253182842553;164.47958846218376;0.0
9.875;-4.986592875626254;2.5350756858349155;-1.4775866877559596;6.408834385006585;160.95319934227115;0.0
9.9;-5.3476421234294484;2.5127468937137745;-1.3077951628901878;6.412816289845547;145.6004390854376;0.0
9.925;-6.160494660154962;2.596114815966926;-1.1299780533157544;7.041954425463146;126.60402641602334;0.0
9.950000000000001;-7.221701402971346;2.7530463715149653;-0.883775590891133;7.423092281512193;108.5190792779065;0.0
9.975000000000001;-8.567265860831416;3.0092230319720277;-0.5278234934802332;7.5113884100305786;91.17430225826239;0.0
10.0;-10.116581663156474;3.372427732844003;-0.08443437286543924;7.513416728116347;73.52161283654986;0.0
10.025;-10.851587803733523;3.718084561227441;0.16247745959483834;7.537685666812167;57.6190889682852;0.0
10.05;-10.717206579661688;3.874270420564091;0.688164551167868;7.499506447439469;48.65202120636097;0.0
10.075000000000001;-10.41053337412147;3.83817580395949;1.2819528103304796;6.107283202872207;43.9235907935211;0.0
10.100000000000001;-10.211159140127233;3.4438323173114753;1.6592543988233788;3.5980438636871765;42.27044292204504;0.0
10.125;-10.19366715971422;2.795542139902373;1.6985055527602848;1.1723079520931754;42.25235481290015;0.0
10.15;-10.1831740098887;2.730016430243922;1.7086654609400098;1.1170264047063037;42.25161830996314;0.0
10.175;-9.84558414874015;2.730393687188498;2.1200865810786116;1.1102641344448394;33.00755897087507;0.0
10.200000000000001;-9.23104007851625;2.935502887236944;3.034104112236983;1.1905168851251964;19.504162429694173;0.0
10.225000000000001;-7.603173807542112;3.254168389146516;2.854569922986478;1.3882354641113466;8.269071007424145;0.0
10.25;-4.634288248454988;3.6847286193297846;0.723214322936576;1.9046493000796723;3.70252196441896;0.0
10.275;-3.2290000041395026;4.789529580792988;0.8591030019529566;3.965893068242309;2.401466376128103;0.0
10.3;-1.541229117974471;5.155598164806644;0.9864534656808169;4.483052094347859;0.7081209383643348;0.0
10.325000000000001;-0.6663028297140547;5.327672964306351;1.0926941066150844;4.604950644053144;0.035890958460468754;0.0
10.350000000000001;-0.4007114411704211;5.412834727434991;1.1588326893685263;4.626797162145084;0.0;0.0
10.375;-0.31097392050151845;5.4372493423710555;1.183972689926917;4.616186364114797;0.0;0.0
10.4;-0.2809507924280813;5.43956747819403;1.1894903732801745;4.528064659781136;0.0;0.0
10.425;-0.14005864110018043;4.824050533085299;0.34075447903425116;1.7274201204075514;-0.2074292342464412;0.0
10.450000000000001;-0.05744944769664084;3.406970647810512;-0.06863565606270242;0.29287347539145564;-0.3222892838593029;0.0
10.475000000000001;-0.03197678621475391;2.3354583963474647;-0.16260269930823493;0.004225699309070284;-0.22990011597178445;0.0
10.5;-0.03142865886094576;2.324262764854019;-0.22192610620222616;0.004222811170147954;0.0;0.0
10.525;-0.03170139448625327;2.3204963171219006;-0.22459889701496175;0.00423075929644993;0.0;0.0
10.55;-0.03160015420136858;2.314639770357814;-0.22923855606980148;0.004222484078397686;0.0;0.0
10.575000000000001;-0.01369303033346771;2.313934192755928;-0.23044094365756373;0.011079716557316877;0.0;0.0
10.600000000000001;0.04101820012538279;2.3159989725133285;-0.23059085866565068;0.021399896598298628;-0.048138439645383196;0.0
10.625;0.2081402958978763;2.3514408841706316;-0.23207494822156655;0.06613494864409386;-0.40986776200484654;0.0
10.65;0.5863563984666531;2.484331401662257;-0.23626432553282622;0.20096549760596666;-1.444986813783882;-0.018137494746620787
10.675;1.1558151604893798;3.0442635879752302;-0.2336353815595939;0.5589744950225907;-3.0560503308786213;-0.42462546657777
10.700000000000001;1.9644462937792788;3.641215703535386;-0.22575667108721195;0.9279178065462095;-6.0183374252387285;-1.3122899042839347
10.725000000000001;2.807702038844013;4.129719414714128;-0.23715277363103376;1.1604563899510671;-9.566798267117916;-2.3967477706478006
10.75;3.5909286829971863;4.5054134151039005;-0.2731972244938329;1.2609877810178192;-13.29953015462628;-3.5417525431795194
10.775;4.295184848539062;4.871815903730042;-0.32878903334152226;1.3460112803767064;-17.145637661290444;-4.75425805497677
10.8;5.170578886924737;5.421953263282819;-0.45307977560107493;1.401076664082777;-22.074427829575093;-6.95156288421446
10.825000000000001;5.704563376875114;6.11074010085598;-0.5413969940226881;1.7095292688997805;-25.118179646216706;-8.840551904647123
10.850000000000001;6.157167082007023;6.757415787451373;-0.6418174430188595;2.006985547289971;-27.891992452686807;-10.55664979183703
10.875;6.584396734037307;7.2017996107652404;-0.7521639021213792;2.1466642018626647;-30.66421112991544;-11.937057288622174
10.9;6.70232558223195;7.281886963488612;-0.7885981876328373;2.147766504962547;-31.48223571728433;-12.268907273925633
10.925;6.715071785515385;7.287176794495145;-0.792442076085301;2.082666219953626;-31.621857954926092;-12.292804612662207
10.950000000000001;6.720503073349501;7.263644741713382;-0.7931472115954917;1.8313594402677094;-31.65771740944554;-12.296191120596024
10.975000000000001;6.73350555222509;7.143023283770112;-0.7929323663866754;1.4029855431987375;-31.662099068182723;-12.293032753282617
11.0;6.755485641403605;6.93345657996335;-0.7938597916813394;0.9302613284294908;-31.693764479187713;-12.289552091012583
11.025;6.771845672662122;6.751671016308496;-0.798931258348253;0.7263357160924815;-31.814933026164503;-12.290461353566066
11.05;6.789626120844666;6.62106161633085;-0.8037379030762799;0.6919656051946541;-31.897679106265205;-12.322124704428079
11.075000000000001;6.843958188382678;6.324833602461455;-0.8293891097744716;0.5437632578005737;-32.03783063123229;-12.484486089658345
11.100000000000001;6.932822857144309;6.018066658203039;-0.8783260039576047;0.40648329538375017;-32.243632022539984;-12.876515781991815
11.125;7.0555967960887065;5.843679303969171;-0.9417372383721989;0.34414927818915136;-32.51681256683879;-13.58308132155152
11.15;7.2188143167787215;5.905811622399631;-1.003464536439203;0.3441314675731232;-32.87336003239828;-14.659461238542482
11.175;7.533317998382002;6.050439873729641;-1.1316366939541287;0.34445602830296723;-33.73469862797457;-16.008101743963056
11.200000000000001;7.920435088603606;6.2822831507419385;-1.3091742939312685;0.3512475451911092;-34.57494791995683;-18.055522577064995
11.225000000000001;8.420068113226968;6.641675814971905;-1.5789531545474387;0.36156087616350674;-36.207745346020296;-20.42910334986714
11.25;8.982316921054482;7.09278448109727;-1.927674543299668;0.3701987206666924;-38.29665658066121;-22.866213021934115
11.275;9.477897313413443;7.537140481385487;-2.297694127373328;0.36685754781332675;-39.804110394385425;-24.972627858755512
11.3;9.793015735110423;7.824935638366034;-2.559071209382894;0.2988385306627127;-40.79222176390741;-26.127765247629195
11.325000000000001;9.90618277944677;7.89070915787257;-2.653292469710756;0.23366650819239412;-41.229693741931655;-26.459752407190617
11.350000000000001;10.231915054562672;8.199122045070192;-2.976142473147733;0.1842474015289859;-43.14265305097399;-27.449766454254345
11.375;10.667581331214635;8.633537545517376;-3.458537474911373;0.07977281389167962;-45.93607137715115;-28.91766663452423
11.4;10.85483156594315;8.822617635685008;-3.6783693992132322;0.04772700811377928;-46.78154321982862;-29.890344166389013
11.425;11.004734385211355;8.985229729220215;-3.8606240816456934;0.03028725660838592;-47.29257802384871;-30.709860049433626
11.450000000000001;11.208003191911388;9.22782594324181;-4.1236042055195075;0.017659852099377753;-48.631114120011695;-31.565609997748442
11.475000000000001;11.467379506525504;9.554245991326837;-4.492446613211369;0.0064231717016592985;-51.20291224446598;-32.55374274328
11.5;11.656959063082674;9.805978468359488;-4.795329868724794;0.003050382246499165;-53.40991429214513;-33.44036600745096
11.525;11.884327657197083;10.129648919492423;-5.190786274037908;0.0010979174002692428;-56.685194071293054;-34.545019315697395
11.55;11.987621722932039;10.355212934475421;-5.427730590195565;0.00088851463722583;-58.96213283312091;-35.22214187461809
11.575000000000001;12.14126768493751;10.760022844285047;-5.869229338011;0.00044993979237654996;-61.98275002332098;-36.518770048764196
11.600000000000001;12.23240652547004;11.372502228673305;-6.395951077773371;0.00011180053735766364;-65.65009071997883;-38.176045396240745
11.625;12.150907337323584;12.165738854682004;-6.822138877370547;8.884866410598311e-05;-69.9375364244916;-39.44214439633586
11.65;11.98798140277782;13.14644107678489;-7.398270711107145;0.00010779898115431002;-76.55793502539507;-40.924778990529354
11.675;11.857967088377057;13.807542467188203;-7.851319126479394;0.0001325637320230498;-81.18720881289264;-41.93588620956225
11.700000000000001;11.843276494103216;13.976035071950944;-8.088220899033036;0.0001328310513640137;-82.79029495889692;-42.53402052758703
11.725000000000001;11.796814752233324;14.179464527165754;-8.367103510842764;0.00013257895917953084;-85.26324599376902;-43.29047327995139
11.75;11.666960566078664;14.502590503075659;-8.805029510588778;0.00013363487098058162;-88.87018137564256;-44.47686647419545
11.775;11.487821039787502;14.862265752376073;-9.351219345362676;0.00011097736486400448;-92.6296009935786;-45.90689179057862
11.8;11.443829125250941;14.89521694471036;-9.686862921383852;-2.3560719587252603e-05;-93.99444223744301;-46.56548468841301
11.825000000000001;11.431286609835626;14.881163902353457;-9.879979806881797;-0.004690047142121943;-94.45633536085438;-46.97318954924765
11.850000000000001;11.421403172838922;14.861712966754888;-10.048879831280885;-0.009057747194696895;-94.99106847481488;-47.38334637761856
11.875;11.414606957211989;14.848842804338421;-10.16260609216564;-0.011744639012219818;-95.45637313373285;-47.687196106358314
11.9;11.416218607829594;14.852830665741246;-10.199688802838924;-0.012508538207678464;-95.65914553821382;-47.79721843341972
11.925;11.43339604277726;14.887098796560203;-10.201527671258209;-0.012505732740676753;-95.66761226337238;-47.79061188971064
11.950000000000001;11.559253632538052;14.8960356872646;-9.97172186922787;-0.011785128220576322;-94.34997900076145;-46.75195089448337
11.975000000000001;12.222770511635016;14.988807616980715;-8.453703921088923;0.14622533751366634;-86.6050925212148;-42.708878304687325
12.0;12.928403493203396;14.47331526867396;-6.268218174519389;0.5509607174252871;-75.65229443735109;-37.035622014642584
12.025;13.220988766685151;13.18340813165029;-3.8973207266564205;1.3181656644250697;-65.1811762691845;-30.526774140958047
12.05;12.769527822358247;11.754138404845056;-1.7009052301674574;2.5382511441731554;-59.39286647258219;-23.438926193883027
12.075000000000001;12.692802061150589;11.040311419740274;-1.2013370869701059;3.5958503584666976;-54.3279137223565;-20.61101112359687
12.100000000000001;11.58298535033344;10.042184223740813;-0.48326535144995897;6.789391697471927;-47.38366426982742;-15.687079917017599
12.125;10.891939555039661;9.536269308309569;-0.05826877557004957;10.327694014816194;-42.82167121119434;-10.658321384848628
12.15;10.904177700565775;9.610497557165425;-0.015619191732838374;13.546925622792164;-41.86679403415797;-6.500860408594747
12.175;10.730084010100045;9.600606870191102;-0.003525218243670079;16.654145855603357;-42.88065683586438;-3.6051584551576434
12.200000000000001;10.578077585774237;9.60198047683015;-0.0005537961311275685;19.94168037412256;-45.56127680419411;-2.174607658467968
12.225000000000001;10.018349744197453;10.002181748905773;0.08770222474951758;24.190481208253864;-46.377194155132585;-0.9055828963707165
12.25;9.44527034383999;10.340963761370485;0.23655788792956015;26.586642218120307;-46.434879129101766;-0.1664971072098849
12.275;8.97878995163811;10.70406430416039;0.43731703096658686;27.953373024423527;-46.425031527953976;0.0
12.3;8.3914986364388;11.938603718517037;0.7114596751799687;34.009452063361195;-46.41683158761421;0.0
12.325000000000001;7.8468031378021985;12.874241890555352;1.136742100164944;38.6312787255027;-46.99756209843664;0.0
12.350000000000001;7.165174498651426;14.907318426730082;1.5460173861324888;50.67925537136615;-47.23872266132414;0.0
12.375;7.337421499946472;20.299400320325894;-6.834522801439484;65.22447915858399;-53.21695996584603;0.016613480243821404
12.4;8.748547893701103;28.301066707147395;-27.21622275515;75.30338564976758;-41.79530734108525;5.983150340553846
12.425;11.142901251934562;30.190351205381013;-48.65586945200262;69.9336263129336;54.063045124365864;32.32864412360169
12.450000000000001;17.251966789429442;25.506473123369787;-50.0;70.26835544722695;-95.95370920653592;0.9095319157514833
12.475000000000001;16.83173252388146;25.98352325442318;-50.0;72.02488869808985;-73.71561443592435;3.875392097355048
12.5;16.949829653819698;32.354235830240995;-50.0;83.05676544688174;-14.839622752883287;22.218846161304242
